accession,tax_id,strain,assembly_level,collection_date,geo_location,host,bioproject_id,biosample_id,source_type,title,year_clean,country_clean,host_clean,diversity_group
GCF_033725995.1,562,2023CK-01341,Complete Genome,10/18/23,USA,Homo sapiens,PRJNA812595,SAMN38251294,urine,Pathogen: clinical or host-associated sample from Escherichia coli,10/18/23,USA,human,USA_human_10/18/23
GCA_022558405.1,562,Z503,Complete Genome,8/14/18,China: Zhejiang,Homo sapiens,PRJNA791555,SAMN24295374,,Microbe sample from Escherichia coli,8/14/18,China,human,China_human_8/14/18
GCF_001455385.1,562,CQSW20,Complete Genome,9/15/07,China: Chongqing,Homo sapiens,PRJNA303642,SAMN04288058,,Microbe sample from Escherichia coli,9/15/07,China,human,China_human_9/15/07
GCF_052884205.1,562,Xuzhou21,Complete Genome,1999,China,Homo sapiens,,SAMN44480235,,Microbe sample from Escherichia coli,1999,China,human,China_human_1999
GCF_027925785.1,562,NIID080884,Complete Genome,2008,Japan,Homo sapiens,PRJDB14896,SAMD00562887,missing,Escherichia coli strain NIID080884,2008,Japan,human,Japan_human_2008
GCA_022846235.1,562,Rb-23,Complete Genome,1/1/17,Japan,Homo sapiens,PRJDB12453,SAMD00411242,,Escherichia coli Rb-23 Genome sequencing and assembly,1/1/17,Japan,human,Japan_human_1/1/17
GCF_040616285.1,562,EC554,Complete Genome,12/19/23,Spain,Homo sapiens,PRJNA1129355,SAMN42151356,rectal swabs,Pathogen: clinical or host-associated sample from Escherichia coli,12/19/23,Spain,human,Spain_human_12/19/23
GCA_008064935.1,562,90-9133,Complete Genome,1988,Bangladesh,Homo sapiens,PRJNA218110,SAMN09262346,missing,Pathogen: clinical or host-associated sample from Escherichia coli,1988,Bangladesh,human,Bangladesh_human_1988
GCA_025757665.1,562,,Complete Genome,2021,South Korea:Seoul,Homo sapiens,PRJNA798244,SAMN31100334,feces,MIMAG Metagenome-assembled Genome sample from Escherichia coli,2021,South Korea,human,South Korea_human_2021
GCA_022493135.1,562,A40,Complete Genome,1999,Mexico,deer,PRJNA293615,SAMN04100063,feces,Microbe sample from Escherichia coli,1999,Mexico,non-human,Mexico_non-human_1999
GCF_009363035.1,562,LAU-OXA,Complete Genome,2017-12,Lebanon,Homo sapiens,PRJNA577178,SAMN13021417,,Microbe sample from Escherichia coli,2017,Lebanon,human,Lebanon_human_2017
GCA_009873375.1,562,NCCP 15955,Complete Genome,1/1/14,South Korea: Jeonnam,Homo sapiens,PRJNA555176,SAMN12302778,stool,Pathogen: clinical or host-associated sample from Escherichia coli,1/1/14,South Korea,human,South Korea_human_1/1/14
GCF_013201505.1,562,,Complete Genome,2008,Portugal,Bird of prey,PRJEB36175,SAMEA6471229,Bird of prey,2-101,2008,Portugal,non-human,Portugal_non-human_2008
GCF_030295625.1,562,JNE141411,Complete Genome,2014,Japan,Homo sapiens,PRJDB14917,SAMD00566465,,Complete sequence of LEE-negative enterohemorrhagic Escherichia coli,2014,Japan,human,Japan_human_2014
GCF_034423795.1,562,THN257,Complete Genome,9/30/19,China: luohe,chicken,PRJNA1048378,SAMN38637364,,Microbe sample from Escherichia coli,9/30/19,China,non-human,China_non-human_9/30/19
GCF_977064575.1,562,BLSE177-2012,Complete Genome,2012,Belgium,Homo sapiens,,SAMEA120421550,urine,E3,2012,Belgium,human,Belgium_human_2012
GCF_040105125.1,562,ST-131,Complete Genome,9/20/17,"India: South India, Andhra Pradesh, Prasanthigram",Homo sapiens,PRJNA1118478,SAMN41610980,mid stream urine,Pathogen: clinical or host-associated sample from Escherichia coli,9/20/17,India,human,India_human_9/20/17
GCF_016403875.2,562,STEC2017-197,Complete Genome,2017,Switzerland: Zurich,Homo sapiens,PRJNA682534,SAMN16993373,stool,STEC2017-197,2017,Switzerland,human,Switzerland_human_2017
GCF_040267585.1,562,129130,Complete Genome,1/13/24,Germany: Landstuhl,Homo sapiens,PRJNA1116075,SAMN41774621,Surveillance,Pathogen: clinical or host-associated sample from Escherichia coli,1/13/24,Germany,human,Germany_human_1/13/24
GCF_002012005.1,562,Ecol_517,Complete Genome,2011,Brazil: Rio de Janeiro,Homo sapiens,PRJNA316786,SAMN05511179,,,2011,Brazil,human,Brazil_human_2011
GCA_001644745.1,562,2013C-4465,Complete Genome,8/20/13,USA,Homo sapiens,PRJNA218110,SAMN04851091,stool,Pathogen: clinical or host-associated sample from Escherichia coli,8/20/13,USA,human,USA_human_8/20/13
GCF_024023055.1,562,EMG2,Complete Genome,1922,"USA: Palo Alto, CA",Homo sapiens,PRJNA848777,SAMN29011449,,Escherichia coli K-12 strain,1922,USA,human,USA_human_1922
GCA_016889505.1,562,ECY44,Complete Genome,10/1/16,China:zhengzhou,chicken,PRJNA700460,SAMN17832021,,Microbe sample from Escherichia coli,10/1/16,China,non-human,China_non-human_10/1/16
GCA_003667385.1,562,BE2-5,Complete Genome,4/27/15,China: Chengdu,egret,PRJNA495707,SAMN10230268,Bird (Egret) feces BE2,Microbe sample from Escherichia coli,4/27/15,China,non-human,China_non-human_4/27/15
GCF_019091005.1,562,ST865,Complete Genome,5/29/19,China: Guangxi,Homo sapiens,PRJNA739030,SAMN19769895,diarrhea from outbreaks of food poisoning,Pathogen: environmental/food/other sample from Escherichia coli,5/29/19,China,human,China_human_5/29/19
GCF_022558805.1,562,EC14,Complete Genome,11/16/16,China: Hangzhou,Homo sapiens,PRJNA608094,SAMN15904658,wound,Pathogen: clinical or host-associated sample from Escherichia coli,11/16/16,China,human,China_human_11/16/16
GCF_053699415.1,562,19AR0646,Complete Genome,2019,New Zealand,Homo sapiens,PRJNA1328436,SAMN51335558,Screen,Escherichia coli strain 19AR0646,2019,New Zealand,human,New Zealand_human_2019
GCF_011045255.1,562,E118,Complete Genome,2/10/19,South Korea,dog,PRJNA607818,SAMN14149125,,Microbe sample from Escherichia coli,2/10/19,South Korea,non-human,South Korea_non-human_2/10/19
GCF_029227875.1,562,XJ6.2,Complete Genome,8/30/18,China:loess plateau,bovine,PRJNA726015,SAMN18917930,,Microbe sample from Escherichia coli,8/30/18,China,non-human,China_non-human_8/30/18
GCF_026651165.1,562,GN02350,Complete Genome,2005,USA,Homo sapiens,PRJNA823807,SAMN27361458,blood,Pathogen: clinical or host-associated sample from Escherichia coli,2005,USA,human,USA_human_2005
GCA_025642235.1,562,B-JRPT-4119,Complete Genome,12/14/21,Sweden,Homo sapiens,PRJNA883762,SAMN30996451,,MIGS Cultured Bacterial/Archaeal sample from Escherichia coli,12/14/21,Sweden,human,Sweden_human_12/14/21
GCF_052127855.1,562,2020S05-013,Complete Genome,7/2/20,Taiwan,Homo sapiens,PRJNA1302151,SAMN50489723,blood,Microbe sample from Escherichia coli,7/2/20,Taiwan,human,Taiwan_human_7/2/20
GCA_001617565.1,562,Ecol_732,Complete Genome,2012,Thailand: Bangkok,Homo sapiens,PRJNA316786,SAMN04621897,missing,Pathogen: clinical or host-associated sample from Escherichia coli,2012,Thailand,human,Thailand_human_2012
GCF_019443685.1,562,UPEC-774U/190308,Complete Genome,3/8/19,Mexico: Mexico City,Homo sapiens,PRJNA610084,SAMN14277526,bladder epithelial biopsy from 50-year-old female patient with recurrent urinary tract infection,UPEC associated with recurrent urinary tract infection,3/8/19,Mexico,human,Mexico_human_3/8/19
GCA_022558945.1,562,EC9,Complete Genome,7/28/16,China: Hangzhou,Homo sapiens,PRJNA608094,SAMN15904653,urine,Pathogen: clinical or host-associated sample from Escherichia coli,7/28/16,China,human,China_human_7/28/16
GCF_049076305.1,562,1442,Complete Genome,2015,Egypt,Homo sapiens,PRJNA1232972,SAMN47255929,missing,Pathogen: clinical or host-associated sample from Escherichia coli,2015,Egypt,human,Egypt_human_2015
GCF_004299805.1,562,S65EC,Complete Genome,2009-11,Australia,Homo sapiens,PRJNA517996,SAMN10879429,urine,"Complete genome of S65EC, a hemolysin producing ST131 strain",2009,Australia,human,Australia_human_2009
GCF_044099165.1,562,QL57EC,Complete Genome,5/21/22,China:Guiyang,swine,PRJNA1176314,SAMN44387445,,Microbe sample from Escherichia coli,5/21/22,China,non-human,China_non-human_5/21/22
GCF_028752715.1,562,APEC E956,Complete Genome,1998,Australia,chicken,PRJNA780013,SAMN23175191,Tissue,Pathogen: clinical or host-associated sample from Escherichia coli,1998,Australia,non-human,Australia_non-human_1998
GCF_048020275.1,562,EC19,Complete Genome,5/20/20,China: Guangxi,pig,PRJNA1221836,SAMN46752613,fecal swab,Microbe sample from Escherichia coli,5/20/20,China,non-human,China_non-human_5/20/20
GCF_022558785.1,562,EC19,Complete Genome,5/28/17,China: Hangzhou,Homo sapiens,PRJNA608094,SAMN15904661,urine,Pathogen: clinical or host-associated sample from Escherichia coli,5/28/17,China,human,China_human_5/28/17
GCF_041344915.1,562,CRE389,Complete Genome,2018,Taiwan,Homo sapiens,PRJNA1145357,SAMN43063587,sputum,Pathogen: clinical or host-associated sample from Klebsiella pneumoniae,2018,Taiwan,human,Taiwan_human_2018
GCF_013342925.1,562,LWY24,Complete Genome,3/5/16,China: Henan,chicken,PRJNA637692,SAMN15150880,feces,Microbe sample from Escherichia coli,3/5/16,China,non-human,China_non-human_3/5/16
GCA_023921205.1,562,EC20017429,Complete Genome,4/29/17,Canada: Quebec,Homo sapiens,PRJNA698617,SAMN18140782,missing,Pathogen: clinical or host-associated sample from Escherichia coli,4/29/17,Canada,human,Canada_human_4/29/17
GCF_031852295.1,562,RIVM_C040753,Complete Genome,8/2/21,Netherlands,Homo sapiens,PRJNA980147,SAMN35621341,not collected,Pathogen: clinical or host-associated sample from Escherichia coli,8/2/21,Netherlands,human,Netherlands_human_8/2/21
GCA_030285565.1,562,C51,Complete Genome,2020-07,Russia: Perm krai,Bos taurus,PRJNA980462,SAMN35637912,feces,E. coli C51 WGS,2020,Russia,non-human,Russia_non-human_2020
GCF_054047355.1,562,998,Complete Genome,7/30/22,USA: Houston,Homo sapiens,PRJNA1308153,SAMN50685431,urine,Pathogen: clinical or host-associated sample from Escherichia coli,7/30/22,USA,human,USA_human_7/30/22
GCF_026210515.1,562,THB42-F5,Complete Genome,6/30/22,China:Henan,dog,PRJNA876365,SAMN30656337,transconjugant from Escherichia coli strain HB42,Microbe sample from Escherichia coli,6/30/22,China,non-human,China_non-human_6/30/22
GCF_052071415.2,562,T142A,Complete Genome,6/19/24,China:Zhengzhou,pig,PRJNA1304228,SAMN50554454,farm,Microbe sample from Escherichia coli,6/19/24,China,non-human,China_non-human_6/19/24
GCA_025779775.2,562,2022CK-00557,Complete Genome,8/30/22,USA,Homo sapiens,PRJNA288601,SAMN31390129,blood,Pathogen: clinical or host-associated sample from Escherichia coli,8/30/22,USA,human,USA_human_8/30/22
GCF_902705295.2,562,BEN2908,Complete Genome,1977,France,Gallus gallus,PRJEB35043,SAMEA6109568,chicken trachea,Complete genome,1977,France,non-human,France_non-human_1977
GCF_054047595.1,562,361,Complete Genome,2/7/21,USA: Houston,Homo sapiens,PRJNA1308153,SAMN50685428,Drainage,Pathogen: clinical or host-associated sample from Escherichia coli,2/7/21,USA,human,USA_human_2/7/21
GCF_004924275.1,562,LHM10-1,Complete Genome,7/16/17,China:Jiangxi,pig,PRJNA526123,SAMN11087649,feces,Pathogen: clinical or host-associated sample from Escherichia coli,7/16/17,China,non-human,China_non-human_7/16/17
GCF_003018355.1,562,00-3076,Complete Genome,2000,USA,Homo sapiens,PRJNA218110,SAMN08579602,urine,Pathogen: clinical or host-associated sample from Escherichia coli,2000,USA,human,USA_human_2000
GCA_025369695.1,562,E8,Complete Genome,6/5/17,USA,Poultry,PRJNA879066,SAMN30789311,Pullet,Pathogen: clinical or host-associated sample from Escherichia coli,6/5/17,USA,non-human,USA_non-human_6/5/17
GCF_048572575.1,562,AREA_C483,Complete Genome,6/28/21,"USA: Georgia, Athens",Homo sapiens,PRJNA894544,SAMN33912521,stool,MIGS Cultured Bacterial/Archaeal sample from Escherichia coli,6/28/21,USA,human,USA_human_6/28/21
GCF_003204955.1,562,2016C-3878,Complete Genome,5/31/16,USA,Homo sapiens,PRJNA335991,SAMN05468123,Rectal swab,Escherichia coli containing MCR-1 gene isolated from rectal swab,5/31/16,USA,human,USA_human_5/31/16
GCF_024918815.1,562,1579,Complete Genome,1/13/17,USA: Houston,Homo sapiens,PRJNA836696,SAMN28173996,blood,Pathogen: clinical or host-associated sample from Escherichia coli,1/13/17,USA,human,USA_human_1/13/17
GCF_003355175.1,562,ST2350,Complete Genome,3/22/18,United Kingdom,Homo sapiens,PRJNA482002,SAMN09729056,rectal swab,Pathogen: clinical or host-associated sample from Escherichia coli,3/22/18,United Kingdom,human,United Kingdom_human_3/22/18
GCF_045689925.1,562,T28R,Complete Genome,8/1/19,China: Henan,dog,PRJNA1065777,SAMN39466681,,Microbe sample from Escherichia coli,8/1/19,China,non-human,China_non-human_8/1/19
GCF_011492925.1,562,IBS28,Complete Genome,2012,Australia: New South Wales,Threskiornis spinicollis,PRJNA591373,SAMN14342226,Nest scat,Escherichia coli strain IBS28 from Threskiornis spinicollis,2012,Australia,non-human,Australia_non-human_2012
GCA_002142675.1,562,Z1002,Complete Genome,9/6/14,China:Jining,Homo sapiens,PRJNA386069,SAMN06924979,blood,Pathogen: clinical or host-associated sample from Escherichia coli,9/6/14,China,human,China_human_9/6/14
GCA_022558765.1,562,EC20,Complete Genome,6/22/17,China: Hangzhou,Homo sapiens,PRJNA608094,SAMN15904662,throat swab,Pathogen: clinical or host-associated sample from Escherichia coli,6/22/17,China,human,China_human_6/22/17
GCF_046106315.1,562,19KM1778,Complete Genome,2019,Switzerland,Dog,PRJNA1086819,SAMN40411731,Rectal,Microbe sample from Escherichia coli,2019,Switzerland,non-human,Switzerland_non-human_2019
GCF_028752695.1,562,APEC 102026,Complete Genome,2019,Australia,chicken,PRJNA780013,SAMN23175190,Tissue,Pathogen: clinical or host-associated sample from Escherichia coli,2019,Australia,non-human,Australia_non-human_2019
GCF_052888115.1,562,VTB97584v,Complete Genome,11/9/21,South Africa,Chicken,,SAMN41579967,,Microbe sample from Escherichia coli,11/9/21,South Africa,non-human,South Africa_non-human_11/9/21
GCF_054388835.1,562,PRO_A-2567-6M-A_ESBL,Complete Genome,3/8/23,Tanzania,Homo sapiens,PRJNA1370689,SAMN53669772,feces,Pathogen: clinical or host-associated sample from Escherichia coli,3/8/23,Tanzania,human,Tanzania_human_3/8/23
GCA_027925625.1,562,H19,Complete Genome,1967,United Kingdom,Homo sapiens,PRJDB14896,SAMD00562883,missing,Escherichia coli strain H19,1967,United Kingdom,human,United Kingdom_human_1967
GCA_015139735.1,562,THO-015,Complete Genome,7/12/18,Japan:Tokyo,Homo sapiens,PRJDB9036,SAMD00196013,,Escherichia coli str. THO-015,7/12/18,Japan,human,Japan_human_7/12/18
GCF_014131635.1,562,6-Pyelo,Complete Genome,1995,USA,Homo sapiens,PRJNA592372,SAMN13422981,urine,Pathogen: clinical or host-associated sample from Escherichia coli,1995,USA,human,USA_human_1995
GCF_054391775.1,562,PRO_A-1028-6W-A_ESBL,Complete Genome,3/21/22,Tanzania,Homo sapiens,PRJNA1370689,SAMN53669744,feces,Pathogen: clinical or host-associated sample from Escherichia coli,3/21/22,Tanzania,human,Tanzania_human_3/21/22
GCF_030515515.1,562,MS20649,Complete Genome,1976,Finland,Homo sapiens,PRJNA757133,SAMN20934291,blood,IHE3056,1976,Finland,human,Finland_human_1976
GCF_045277255.1,562,GABEEC10,Complete Genome,5/5/22,Ireland: Galway,Homo sapiens,PRJNA935549,SAMN33321545,Unstimulated saliva,Microbe sample from Escherichia coli,5/5/22,Ireland,human,Ireland_human_5/5/22
GCF_002587005.1,562,IMT16316,Complete Genome,2012,Germany,wild bird,PRJNA413755,SAMN07765387,,Microbe sample from Escherichia coli,2012,Germany,non-human,Germany_non-human_2012
GCF_030996645.1,562,CUVET20-PYO4,Complete Genome,8/13/20,Thailand: Bangkok,dog,PRJNA914526,SAMN32339840,Endometrium,Microbe sample from Escherichia coli,8/13/20,Thailand,non-human,Thailand_non-human_8/13/20
GCF_053699075.1,562,20AR0354,Complete Genome,2020,New Zealand,Homo sapiens,PRJNA1328436,SAMN51335567,Midstream urine,Escherichia coli strain 20AR0354,2020,New Zealand,human,New Zealand_human_2020
GCA_025369915.1,562,E6,Complete Genome,6/2/17,USA,Poultry,PRJNA879066,SAMN30789309,Broiler,Pathogen: clinical or host-associated sample from Escherichia coli,6/2/17,USA,non-human,USA_non-human_6/2/17
GCA_020886495.2,562,2017.09.02CC,Complete Genome,2017-11,Viet Nam:Thai Binh,Homo sapiens,PRJDB8858,SAMD00407182,,Escherichia coli isolated from healthy human feces 2017Nov_09.02,2017,Viet Nam,human,Viet Nam_human_2017
GCF_054331615.1,562,FXCREC016,Complete Genome,4/6/18,China: Shanghai,Homo sapiens,PRJNA1394352,SAMN54320871,sputum,Pathogen: clinical or host-associated sample from Escherichia coli,4/6/18,China,human,China_human_4/6/18
GCF_053164745.1,562,BKQWHE,Complete Genome,2016,Malawi: Blantyre,Homo sapiens,,SAMN41753809,,Microbe sample from Escherichia coli,2016,Malawi,human,Malawi_human_2016
GCF_015571635.1,562,Res13-Lact-PER04-33,Complete Genome,3/20/17,Canada: Quebec,Sus scrofa domesticus,PRJNA662792,SAMN16304231,feces,Pathogen: clinical or host-associated sample from Escherichia coli,3/20/17,Canada,non-human,Canada_non-human_3/20/17
GCF_054048005.1,562,744,Complete Genome,5/22/22,USA: Houston,Homo sapiens,PRJNA1308153,SAMN50685443,blood,Pathogen: clinical or host-associated sample from Escherichia coli,5/22/22,USA,human,USA_human_5/22/22
GCA_024730765.1,562,A30,Complete Genome,2018,Canada,Horse,PRJNA777610,SAMN23704831,,Microbe sample from Escherichia coli,2018,Canada,non-human,Canada_non-human_2018
GCF_032345195.1,562,isolateI,Complete Genome,2017,Canada: Ottawa,Homo sapiens,PRJNA1020811,SAMN37529180,,Microbe sample from Escherichia coli,2017,Canada,human,Canada_human_2017
GCF_050265335.1,562,MZ1211,Complete Genome,2012,"China: Meizhou,Guangdong",Homo sapiens,PRJNA1152225,SAMN43355878,biological saple,One Health Enteric sample from Escherichia coli,2012,China,human,China_human_2012
GCF_025782825.1,562,HUM3355,Complete Genome,2012,Botswana: Kasane,Homo sapiens,PRJNA810075,SAMN26232716,faecal sample,Pathogen: clinical or host-associated sample from Escherichia coli,2012,Botswana,human,Botswana_human_2012
GCF_051359655.1,562,27992,Complete Genome,11/19/23,Egypt: Alexandria,Homo sapiens,PRJNA1266646,SAMN48718398,blood,Pathogen: clinical or host-associated sample from Escherichia coli,11/19/23,Egypt,human,Egypt_human_11/19/23
GCA_025995535.1,562,53_142304,Complete Genome,7/7/14,Japan,Homo sapiens,PRJDB13729,SAMD00495925,,53_142304,7/7/14,Japan,human,Japan_human_7/7/14
GCA_026074235.1,562,MY732,Complete Genome,7/23/19,Japan:Osaka,Canis lupus familiaris,PRJDB14482,SAMD00547841,urine,ESBL/AmpC-producing Escherichia coli MY732 from a companion dog,7/23/19,Japan,non-human,Japan_non-human_7/23/19
GCF_035621515.1,562,BHD6,Complete Genome,7/15/21,China: Sichuan,duck,PRJNA1057743,SAMN39140812,fece,Microbe sample from Escherichia coli,7/15/21,China,non-human,China_non-human_7/15/21
GCF_022591475.1,562,EC-16-35,Complete Genome,7/16/16,China:Zhengzhou,Homo sapiens,PRJNA814393,SAMN26549900,ascites,Pathogen: clinical or host-associated sample from Escherichia coli,7/16/16,China,human,China_human_7/16/16
GCA_021498045.1,562,TH9F11,Complete Genome,1/6/19,China: Guangzhou,fish,PRJNA636005,SAMN15062838,feces,Microbe sample from Escherichia coli,1/6/19,China,non-human,China_non-human_1/6/19
GCF_030007975.1,562,C325,Complete Genome,11/24/14,Spain,Homo sapiens,PRJNA626430,SAMN14640123,Human gut,Pathogen: clinical or host-associated sample from Escherichia coli,11/24/14,Spain,human,Spain_human_11/24/14
GCA_024298465.1,562,EC21Z-063,Complete Genome,2/13/21,China:Zhejiang,Homo sapiens,PRJNA856840,SAMN29593407,,Microbe sample from Escherichia coli,2/13/21,China,human,China_human_2/13/21
GCF_007833255.1,562,PU-1,Complete Genome,11/30/13,China: Jiangxi province,Swine,PRJNA557097,SAMN12389475,blood from piglet with acute sepsis,Microbe sample from Escherichia coli,11/30/13,China,non-human,China_non-human_11/30/13
GCF_051100375.1,562,HD12480,Complete Genome,9/27/16,China:Ningxia,Homo sapiens,PRJNA1067824,SAMN39552239,Pleural fluid,Pathogen: clinical or host-associated sample from Escherichia coli,9/27/16,China,human,China_human_9/27/16
GCF_053238195.1,562,CREC-U3,Complete Genome,1/29/24,China: Jinan,Homo sapiens,,SAMN49648872,urine,Microbe sample from Escherichia coli,1/29/24,China,human,China_human_1/29/24
GCF_019973795.1,562,FUJ80154,Complete Genome,8/21/19,Japan:Aichi,Homo sapiens,PRJDB11569,SAMD00317522,,Escherichia coli strain FUJ80154,8/21/19,Japan,human,Japan_human_8/21/19
GCF_048021095.1,562,EC130,Complete Genome,3/15/23,China: Guangxi,pig,PRJNA1221985,SAMN46760301,fecal swab,Microbe sample from Escherichia coli,3/15/23,China,non-human,China_non-human_3/15/23
GCA_002952095.1,562,Combat11I9,Complete Genome,2004-10,Hong Kong,Homo sapiens,PRJNA361032,SAMN07187744,urine,Pathogen: clinical or host-associated sample from Escherichia coli,2004,Hong Kong,human,Hong Kong_human_2004
GCF_052122795.1,562,2022S01-140,Complete Genome,7/8/22,Taiwan,Homo sapiens,PRJNA1302151,SAMN50489735,other,Microbe sample from Escherichia coli,7/8/22,Taiwan,human,Taiwan_human_7/8/22
GCF_009866925.2,562,CFS3246,Complete Genome,5/3/04,France,Bos taurus,PRJNA433915,SAMN08522703,Bovine adult,Microbe sample from Escherichia coli,5/3/04,France,non-human,France_non-human_5/3/04
GCF_055456115.1,562,KK19-02,Complete Genome,1986,Germany,Homo sapiens,PRJNA1424694,SAMN55391932,stool,Microbe sample from Escherichia coli,1986,Germany,human,Germany_human_1986
GCF_014522245.1,562,UPEC_U013,Complete Genome,11/3/14,Taiwan: Chia-Yi,Homo sapiens,PRJNA643643,SAMN15421091,urine,Pathogen: clinical or host-associated sample from Escherichia coli,11/3/14,Taiwan,human,Taiwan_human_11/3/14
GCF_024760205.1,562,2e,Complete Genome,9/26/20,China:Tongliao,Homo sapiens,PRJNA871028,SAMN30399898,,Microbe sample from Escherichia coli,9/26/20,China,human,China_human_9/26/20
GCF_022559265.1,562,EC7,Complete Genome,4/26/16,China: Hangzhou,Homo sapiens,PRJNA608094,SAMN15904651,urine,Pathogen: clinical or host-associated sample from Escherichia coli,4/26/16,China,human,China_human_4/26/16
GCF_054388955.1,562,PRO_A-1482-6W-A_ESBL,Complete Genome,6/2/22,Tanzania,Homo sapiens,PRJNA1370689,SAMN53669765,feces,Pathogen: clinical or host-associated sample from Escherichia coli,6/2/22,Tanzania,human,Tanzania_human_6/2/22
GCF_054047415.1,562,410,Complete Genome,11/9/18,USA: Houston,Homo sapiens,PRJNA1308153,SAMN50685439,urine,Pathogen: clinical or host-associated sample from Escherichia coli,11/9/18,USA,human,USA_human_11/9/18
GCF_051563005.1,562,AH21H052,Complete Genome,8/23/21,Australia:Melbourne,Homo sapiens,PRJNA1287288,SAMN49815529,blood,Pathogen: clinical or host-associated sample from Escherichia coli,8/23/21,Australia,human,Australia_human_8/23/21
GCF_000814145.2,562,6409,Complete Genome,2012,Colombia,Homo sapiens,PRJNA270222,SAMN03263950,excreted bodily substance,Pathogen: clinical or host-associated sample from Escherichia coli,2012,Colombia,human,Colombia_human_2012
GCF_949361525.1,562,,Complete Genome,not provided,not provided,not provided,PRJEB58706,SAMEA112702327,not provided,GENOMIC20-004,not provided,not provided,non-human,not provided_non-human_not provided
GCA_025996555.1,562,CEC03102,Complete Genome,2003,Japan,Homo sapiens,PRJDB13729,SAMD00496008,,CEC03102,2003,Japan,human,Japan_human_2003
GCF_048402645.1,562,774,Complete Genome,6/9/22,Taiwan,Homo sapiens,PRJNA1197131,SAMN45773517,urine,Pathogen: clinical or host-associated sample from Escherichia coli,6/9/22,Taiwan,human,Taiwan_human_6/9/22
GCF_054047715.1,562,361,Complete Genome,10/27/22,USA: Houston,Homo sapiens,PRJNA1308153,SAMN50685446,blood,Pathogen: clinical or host-associated sample from Escherichia coli,10/27/22,USA,human,USA_human_10/27/22
GCF_009866945.2,562,CFS3273,Complete Genome,5/3/07,France,Bos taurus,PRJNA433820,SAMN08522730,Bovine adult,Microbe sample from Escherichia coli,5/3/07,France,non-human,France_non-human_5/3/07
GCF_002246595.2,562,ECCTRSRTH03,Complete Genome,8/1/16,Thailand: Nakhon Pathom,Swine,PRJNA389557,SAMN07450616,Rectal swab,Thailand Sample: ECCTRSRTH03,8/1/16,Thailand,non-human,Thailand_non-human_8/1/16
GCA_002953455.1,562,KBN10P04869,Complete Genome,3/28/17,South Korea: Daegu,Homo sapiens,PRJNA430286,SAMN08369073,blood,MIGS Cultured Bacterial/Archaeal sample from Escherichia coli,3/28/17,South Korea,human,South Korea_human_3/28/17
GCF_054482495.1,562,3PT,Complete Genome,4/27/25,China: Shandong; Weifang,Mink,PRJNA1395350,SAMN54371716,unknown,Pathogen: clinical or host-associated sample from Escherichia coli,4/27/25,China,non-human,China_non-human_4/27/25
GCF_022493475.1,562,A22,Complete Genome,2000,Australia,possum,PRJNA293615,SAMN04100045,feces,Microbe sample from Escherichia coli,2000,Australia,non-human,Australia_non-human_2000
GCF_036507355.1,562,2018-05-2CC,Complete Genome,2018,Viet Nam:Thai Binh,Homo sapiens,PRJDB14867,SAMD00562579,feces,"Escherichia coli strain 2018-05-2CC, DNA, complete genome",2018,Viet Nam,human,Viet Nam_human_2018
GCF_046581385.1,562,SX12,Complete Genome,2/5/20,China: Shaanxi,Sheep,PRJNA1062294,SAMN39290640,anal swab,Genome sequencing of SX12,2/5/20,China,non-human,China_non-human_2/5/20
GCA_029674645.1,562,rl0044,Complete Genome,8/25/00,Switzerland,Sus scrofa domesticus,PRJNA952187,SAMN34068129,feces,Microbe sample from Escherichia coli,8/25/00,Switzerland,non-human,Switzerland_non-human_8/25/00
GCF_054047505.1,562,405,Complete Genome,3/9/21,USA: Houston,Homo sapiens,PRJNA1308153,SAMN50685429,Body Fl,Pathogen: clinical or host-associated sample from Escherichia coli,3/9/21,USA,human,USA_human_3/9/21
GCF_030995165.1,562,CUVET18-789,Complete Genome,5/30/18,Thailand: Bangkok,cat,PRJNA914526,SAMN32339855,urine,Microbe sample from Escherichia coli,5/30/18,Thailand,non-human,Thailand_non-human_5/30/18
GCA_000833635.2,562,USML2,Complete Genome,5/27/06,Malaysia,Elaeis guineensis,PRJNA273553,SAMN03294311,Inner leaf tissue,Microbe sample from Escherichia coli,5/27/06,Malaysia,non-human,Malaysia_non-human_5/27/06
GCF_048296705.1,562,VTEC+,Complete Genome,11/18/24,Spain: Granada,Grown in Blood agar culture medium,PRJNA1224608,SAMN46862936,Bacterial culture,Microbe sample from Escherichia coli,11/18/24,Spain,non-human,Spain_non-human_11/18/24
GCA_022558745.1,562,EC21,Complete Genome,7/7/17,China: Hangzhou,Homo sapiens,PRJNA608094,SAMN15904663,urine,Pathogen: clinical or host-associated sample from Escherichia coli,7/7/17,China,human,China_human_7/7/17
GCA_022569795.1,562,131,Complete Genome,2017,South Africa,Homo sapiens,PRJNA773238,SAMN22456104,hospital,Escherichia coli ST131 Eco4507,2017,South Africa,human,South Africa_human_2017
GCF_053850535.1,562,ESBLEC_HM52,Complete Genome,3/1/24,"Malaysia: Klang Valley, Selangor",Homo sapiens,PRJNA1307276,SAMN50743356,Rectal swab,Microbe sample from Escherichia coli,3/1/24,Malaysia,human,Malaysia_human_3/1/24
GCF_034335725.2,562,TP10-2,Complete Genome,2/26/23,China: Shandong,Homo sapiens,PRJNA1036031,SAMN38111795,hospital,Pathogen: clinical or host-associated sample from Escherichia coli,2/26/23,China,human,China_human_2/26/23
GCF_003194345.1,562,E41-1,Complete Genome,2/7/17,China:Shanghai,Homo sapiens,PRJNA431043,SAMN08382661,,Microbe sample from Escherichia coli,2/7/17,China,human,China_human_2/7/17
GCF_011044355.1,562,EC28,Complete Genome,6/3/18,China:Hangzhou,Homo sapiens,PRJNA607867,SAMN14149865,urine,Pathogen: clinical or host-associated sample from Escherichia coli,6/3/18,China,human,China_human_6/3/18
GCF_053170185.1,562,CUVET17-1418,Complete Genome,2017-12,Thailand: Bangkok,Canis lupus familiaris,,SAMN28920522,urine,Pathogen: clinical or host-associated sample from Escherichia coli,2017,Thailand,non-human,Thailand_non-human_2017
GCF_051136175.1,562,EC15,Complete Genome,11/28/23,Egypt: Alexandria,Homo sapiens,PRJNA1266646,SAMN48700602,urine,Pathogen: clinical or host-associated sample from Escherichia coli,11/28/23,Egypt,human,Egypt_human_11/28/23
GCF_040790915.1,562,PEC1012,Complete Genome,10/16/16,"Pakistan: Polyclinic hospital, Islamabad",Wild bird,PRJNA1120952,SAMN41722748,Fecal matter,Microbe sample from Escherichia coli,10/16/16,Pakistan,non-human,Pakistan_non-human_10/16/16
GCF_008807655.1,562,15.TR.026_OXA,Complete Genome,2015-01,"Turkey: Kadikoy, Istanbul",Larus michahellis,PRJNA489349,SAMN09976386,,Microbe sample from Escherichia coli,2015,Turkey,non-human,Turkey_non-human_2015
GCA_009761715.1,562,PT109,Complete Genome,2018-11,Portugal: Lisbon,Canis lupus familiaris,PRJNA548446,SAMN12027817,fecal sample,Pathogen: clinical or host-associated sample from Escherichia coli,2018,Portugal,non-human,Portugal_non-human_2018
GCF_053170025.1,562,CUVET19-1396,Complete Genome,2019-07,Thailand: Bangkok,Canis lupus familiaris,,SAMN28920524,urine,Pathogen: clinical or host-associated sample from Escherichia coli,2019,Thailand,non-human,Thailand_non-human_2019
GCF_029224125.1,562,ZYB39,Complete Genome,12/1/18,China:loess plateau,bovine,PRJNA726356,SAMN18928494,,Microbe sample from Escherichia coli,12/1/18,China,non-human,China_non-human_12/1/18
GCA_002012105.1,562,Ecol_AZ147,Complete Genome,2012,Israel: Kfar Sava,Homo sapiens,PRJNA316786,SAMN05511182,,,2012,Israel,human,Israel_human_2012
GCF_053850575.1,562,ESBLEC_HM50,Complete Genome,3/6/24,"Malaysia: Klang Valley, Selangor",Homo sapiens,PRJNA1307276,SAMN50743355,Rectal swab,Microbe sample from Escherichia coli,3/6/24,Malaysia,human,Malaysia_human_3/6/24
GCF_047115195.1,562,CUVET21-PYO5,Complete Genome,3/15/21,Thailand: Bangkok,dog,PRJNA914526,SAMN32965172,Endometrium,Microbe sample from Escherichia coli,3/15/21,Thailand,non-human,Thailand_non-human_3/15/21
GCF_030168715.1,562,W409,Complete Genome,2004,China:Guangdong,chicken,PRJNA954068,SAMN34133715,missing,Microbe sample from Escherichia coli,2004,China,non-human,China_non-human_2004
GCF_026240775.1,562,TSW4848-W1,Complete Genome,10/9/18,"USA: Irvine, CA","SW4848was obtained from City Park Lake, Baton Rouge, Louisiana, U.S.A.",PRJNA888808,SAMN31632844,TSW4848-W1 1 is a transconjugant of SW4848,Microbe sample from Escherichia coli,10/9/18,USA,non-human,USA_non-human_10/9/18
GCF_054388855.1,562,PRO_A-2576-6M-A_ESBL,Complete Genome,3/10/23,Tanzania,Homo sapiens,PRJNA1370689,SAMN53669773,feces,Pathogen: clinical or host-associated sample from Escherichia coli,3/10/23,Tanzania,human,Tanzania_human_3/10/23
GCF_003203755.1,562,SD134209,Complete Genome,2001,USA: South Dakota,Homo sapiens,PRJNA473579,SAMN09278797,feces,Pathogen: clinical or host-associated sample from Escherichia coli,2001,USA,human,USA_human_2001
GCA_014522225.1,562,EC931,Complete Genome,2/10/17,China: Yiwu,Homo sapiens,PRJNA608094,SAMN14164122,urine,Tigecycline and colistin resistant Escherichia coli clinical isolate EC931,2/10/17,China,human,China_human_2/10/17
GCF_048403485.1,562,446,Complete Genome,2/22/19,Taiwan,Homo sapiens,PRJNA1196884,SAMN45677712,sputum,Pathogen: clinical or host-associated sample from Escherichia coli,2/22/19,Taiwan,human,Taiwan_human_2/22/19
GCF_024917955.1,562,5444,Complete Genome,11/7/19,USA: Houston,Homo sapiens,PRJNA836696,SAMN28174095,blood,Pathogen: clinical or host-associated sample from Escherichia coli,11/7/19,USA,human,USA_human_11/7/19
GCF_052888435.1,562,VTB97585v,Complete Genome,11/13/21,South Africa,Chicken,,SAMN41579968,,Microbe sample from Escherichia coli,11/13/21,South Africa,non-human,South Africa_non-human_11/13/21
GCF_019614825.1,562,ST866,Complete Genome,5/28/19,China: Guangxi,Homo sapiens,PRJNA739030,SAMN19769896,outbreaks of food poisoning,Pathogen: environmental/food/other sample from Escherichia coli,5/28/19,China,human,China_human_5/28/19
GCF_054047725.1,562,167,Complete Genome,2/5/20,USA: Houston,Homo sapiens,PRJNA1308153,SAMN50685456,blood,Pathogen: clinical or host-associated sample from Escherichia coli,2/5/20,USA,human,USA_human_2/5/20
GCF_032298115.1,562,Escherichia coli EC12011,Complete Genome,2012,Canada,Homo sapiens,PRJNA549322,SAMN37528248,not applicable,EC12011,2012,Canada,human,Canada_human_2012
GCF_052906725.1,562,4600,Complete Genome,2019,United Kingdom,pig,PRJNA1289657,SAMN49890918,missing,One Health Enteric sample from Escherichia coli,2019,United Kingdom,non-human,United Kingdom_non-human_2019
GCA_014656625.1,562,M00057,Complete Genome,2020,Australia,Homo sapiens,PRJNA662169,SAMN16077358,feces,Pathogen: clinical or host-associated sample from Escherichia coli,2020,Australia,human,Australia_human_2020
GCF_054048065.1,562,167,Complete Genome,3/31/24,USA: Houston,Homo sapiens,PRJNA1308153,SAMN50685449,blood,Pathogen: clinical or host-associated sample from Escherichia coli,3/31/24,USA,human,USA_human_3/31/24
GCA_024225755.1,562,LH10-b-1,Complete Genome,2022,Switzerland,Gallus gallus domesticus,PRJNA855630,SAMN29499312,pooled poultry feces,Microbe sample from Escherichia coli,2022,Switzerland,non-human,Switzerland_non-human_2022
GCF_030996485.1,562,CUVET19-1704,Complete Genome,8/15/19,Thailand: Bangkok,dog,PRJNA914526,SAMN32339844,Prostatic abscess,Microbe sample from Escherichia coli,8/15/19,Thailand,non-human,Thailand_non-human_8/15/19
GCA_001886535.1,562,MRSN352231,Complete Genome,2016-07,Germany,Homo sapiens,PRJNA353939,SAMN06029893,clinical,Pathogen: clinical or host-associated sample from Escherichia coli,2016,Germany,human,Germany_human_2016
GCF_044647575.1,562,BS-01,Complete Genome,4/27/24,Indonesia: Livestock farm in Sukabumi city,Gallus gallus domesticus,PRJNA1075840,SAMN44321998,"Broiler stool, day of birth, week 1",E. coli_SMI_BR-S_08,4/27/24,Indonesia,non-human,Indonesia_non-human_4/27/24
GCA_025399135.1,562,PNUSAE008512,Complete Genome,2017-07,USA:UT,Bull,PRJNA812595,SAMN07375592,bull manure,Pathogen: environmental/food/other sample from Escherichia coli,2017,USA,non-human,USA_non-human_2017
GCF_034339465.2,562,TP6-1,Complete Genome,2/22/23,China: Shandong,Homo sapiens,PRJNA1036031,SAMN38111791,hospital,Pathogen: clinical or host-associated sample from Escherichia coli,2/22/23,China,human,China_human_2/22/23
GCF_018968645.1,562,NC19,Complete Genome,11/11/19,China: Nanchang,duck,PRJNA735938,SAMN19604990,visceral,Microbe sample from Escherichia coli,11/11/19,China,non-human,China_non-human_11/11/19
GCF_054478005.1,562,HSP425,Complete Genome,2019,Brazil: Sao Paulo,Homo sapiens,PRJNA1261852,SAMN48483476,urine,Escherichia coli HSP425,2019,Brazil,human,Brazil_human_2019
GCF_031852355.1,562,RIVM_C029670,Complete Genome,1/16/20,Netherlands,Homo sapiens,PRJNA980147,SAMN35621336,not collected,Pathogen: clinical or host-associated sample from Escherichia coli,1/16/20,Netherlands,human,Netherlands_human_1/16/20
GCF_030419125.1,562,CE0007a,Complete Genome,9/11/14,New Zealand,Bos taurus,PRJNA938096,SAMN33425303,feces,Microbe sample from Escherichia coli,9/11/14,New Zealand,non-human,New Zealand_non-human_9/11/14
GCF_055502215.1,562,E1,Complete Genome,7/8/24,China: Fujian,Homo sapiens,PRJNA1425647,SAMN55473517,,Microbe sample from Escherichia coli,7/8/24,China,human,China_human_7/8/24
GCF_029854475.1,562,18-4,Complete Genome,4/13/18,China:Jiangsu,Homo sapiens,PRJNA951454,SAMN34164601,blood,Microbe sample from Escherichia coli,4/13/18,China,human,China_human_4/13/18
GCF_054047465.1,562,2450,Complete Genome,3/27/21,USA: Houston,Homo sapiens,PRJNA1308153,SAMN50685440,blood,Pathogen: clinical or host-associated sample from Escherichia coli,3/27/21,USA,human,USA_human_3/27/21
GCF_019443605.1,562,UPEC-455U/190220,Complete Genome,2/20/19,Mexico: Mexico City,Homo sapiens,PRJNA610084,SAMN14277528,bladder epithelial biopsy from 60-year-old female patient with recurrent urinary tract infection,UPEC associated with recurrent urinary tract infection,2/20/19,Mexico,human,Mexico_human_2/20/19
GCF_048572565.1,562,AREA_R505,Complete Genome,12/6/21,"USA: Georgia, Athens",Homo sapiens,PRJNA894544,SAMN33912520,stool,MIGS Cultured Bacterial/Archaeal sample from Escherichia coli,12/6/21,USA,human,USA_human_12/6/21
GCF_016432785.1,562,1EC213,Complete Genome,7/31/18,Ghana: Western region,Homo sapiens,PRJNA473419,SAMN15945290,,Microbe sample from Escherichia coli,7/31/18,Ghana,human,Ghana_human_7/31/18
GCA_030296215.1,562,B27,Complete Genome,2015,Thailand,Musca domestica,PRJDB15400,SAMD00585620,whole body,B27,2015,Thailand,non-human,Thailand_non-human_2015
GCA_025200555.1,562,USDA-ARS-USMARC-51408,Complete Genome,10/1/13,USA:Kansas,Bos taurus,PRJNA281531,SAMN30466959,feedlot,Pathogen: clinical or host-associated sample from Escherichia coli,10/1/13,USA,non-human,USA_non-human_10/1/13
GCF_025995735.1,562,93_161312,Complete Genome,8/18/16,Japan,Homo sapiens,PRJDB13729,SAMD00495965,,93_161312,8/18/16,Japan,human,Japan_human_8/18/16
GCF_019976915.1,562,E189,Complete Genome,2016,Japan,Equus caballus,PRJDB11294,SAMD00283125,,Escherichia coli E189 strain,2016,Japan,non-human,Japan_non-human_2016
GCF_024499095.1,562,CPww7,Complete Genome,6/10/17,Thailand: Bangkok,Sus scrofa,PRJNA731849,SAMN19296501,wastewater,Microbe sample from Escherichia coli,6/10/17,Thailand,non-human,Thailand_non-human_6/10/17
GCF_051562015.1,562,AH19K002,Complete Genome,11/1/19,Australia:Melbourne,Homo sapiens,PRJNA1287288,SAMN49815513,blood,Pathogen: clinical or host-associated sample from Escherichia coli,11/1/19,Australia,human,Australia_human_11/1/19
GCF_037555585.1,562,Z1323HEC0010,Complete Genome,4/11/23,South Korea,Homo sapiens,PRJNA1087359,SAMN40441588,,Microbe sample from Escherichia coli,4/11/23,South Korea,human,South Korea_human_4/11/23
GCF_041200295.1,562,PEC1013,Complete Genome,8/27/17,"Pakistan: Shakarparian park, Islamabad",Wild bird,PRJNA1137093,SAMN42567064,Fecal matter,Microbe sample from Escherichia coli,8/27/17,Pakistan,non-human,Pakistan_non-human_8/27/17
GCA_005484365.1,562,AR24.2b,Complete Genome,5/18/18,Switzerland: Bern,dog,PRJNA522068,SAMN10924275,rectal swab from hospitalized dog,Microbe sample from Escherichia coli,5/18/18,Switzerland,non-human,Switzerland_non-human_5/18/18
GCF_052908065.1,562,E600003,Complete Genome,2007,Bangladesh,Homo sapiens,PRJNA1322554,SAMN51250227,stool,Sequencing of commensal Escherichia coli isolate 300081,2007,Bangladesh,human,Bangladesh_human_2007
GCA_026068995.2,562,2022CK-00566,Complete Genome,8/16/22,USA,Homo sapiens,PRJNA288601,SAMN31592761,Wound/Abscess,Pathogen: clinical or host-associated sample from Escherichia coli,8/16/22,USA,human,USA_human_8/16/22
GCF_023516055.1,562,19SZHZ803Rt,Complete Genome,7/13/19,China:Shenzhen,Homo sapiens,PRJNA748549,SAMN20339661,Human feces,tet(X4)-positive Escherichia coli isolated from human,7/13/19,China,human,China_human_7/13/19
GCF_011022275.1,562,190693,Complete Genome,11/15/16,United Kingdom: Liverpool,Homo sapiens,PRJNA607545,SAMN14137859,Blood culture,Pathogen: clinical or host-associated sample from Escherichia coli,11/15/16,United Kingdom,human,United Kingdom_human_11/15/16
GCF_030717525.1,562,GON1437,Complete Genome,6/28/21,Czech Republic: University Hospital Brno,Homo sapiens,PRJNA980112,SAMN35620193,uretra swab,Pathogen: clinical or host-associated sample from Escherichia coli,6/28/21,Czech Republic,human,Czech Republic_human_6/28/21
GCF_040267555.1,562,146,Complete Genome,5/25/10,USA: Washington DC,Homo sapiens,PRJNA1116075,SAMN41774609,Surveillance,Pathogen: clinical or host-associated sample from Escherichia coli,5/25/10,USA,human,USA_human_5/25/10
GCF_001043215.1,562,NCM3722,Complete Genome,5/24/14,USA: California,Homo sapiens,PRJNA284094,SAMN03659038,,NCM3722 sequencing by PacBio SMRT,5/24/14,USA,human,USA_human_5/24/14
GCF_032229265.1,562,19213,Complete Genome,2020,Hungary,Homo sapiens,PRJNA1004631,SAMN36947641,missing,One Health Enteric sample from Escherichia coli,2020,Hungary,human,Hungary_human_2020
GCF_049189245.1,562,M15,Complete Genome,2024-01,South Korea: Ulsan,Homo sapiens,PRJNA1238030,SAMN47447742,fecal sample,Microbe sample from Escherichia coli,2024,South Korea,human,South Korea_human_2024
GCF_020149465.1,562,SUISSEKPC3NDM5,Complete Genome,11/6/20,Switzerland: Basel,Homo sapiens,PRJNA762038,SAMN21369264,urine,MIGS Cultured Bacterial/Archaeal sample from Escherichia coli,11/6/20,Switzerland,human,Switzerland_human_11/6/20
GCA_024700885.2,562,MLI121,Complete Genome,8/28/14,Mali: Koulikoro,Homo sapiens,PRJNA856486,SAMN29553897,stool sample,Pathogen: clinical or host-associated sample from Escherichia coli,8/28/14,Mali,human,Mali_human_8/28/14
GCF_049076315.1,562,1446,Complete Genome,2015,Italy,Homo sapiens,PRJNA1232972,SAMN47255932,missing,Pathogen: clinical or host-associated sample from Escherichia coli,2015,Italy,human,Italy_human_2015
GCF_025995355.1,562,8_140198,Complete Genome,1/10/14,Japan,Homo sapiens,PRJDB13729,SAMD00495880,,8_140198,1/10/14,Japan,human,Japan_human_1/10/14
GCF_014605875.1,562,EC93,Complete Genome,2005,"USA: Santa Barbara, UCSB animal house",Rattus norvegicus,PRJNA658456,SAMN15871861,,Microbe sample from Escherichia coli,2005,USA,non-human,USA_non-human_2005
GCF_055387985.1,562,N61,Complete Genome,2017,Japan,Bos taurus,,SAMD00639222,milk from mastitis,Escherichia coli N61 strain,2017,Japan,non-human,Japan_non-human_2017
GCF_055233755.1,562,KD0845,Complete Genome,6/15/21,South Korea: Seoul,dog,PRJNA1421063,SAMN55285589,Rectal swab,One Health Enteric sample from Escherichia coli,6/15/21,South Korea,non-human,South Korea_non-human_6/15/21
GCF_025369715.1,562,E10,Complete Genome,6/13/17,USA,Poultry,PRJNA879066,SAMN30789313,Breeder,Pathogen: clinical or host-associated sample from Escherichia coli,6/13/17,USA,non-human,USA_non-human_6/13/17
GCF_055384925.1,562,EC529,Complete Genome,2019-08,Viet Nam:Ho Chi Minh City,Gallus gallus,,SAMD00819698,meat of Gallus gallus,Complete genome sequence of Escherichia coli EC529,2019,Viet Nam,non-human,Viet Nam_non-human_2019
GCF_037081975.1,562,A1.S1.65,Complete Genome,2/24/21,Poland:Olsztyn,Homo sapiens,PRJNA1082105,SAMN40199712,urine,Pathogen: clinical or host-associated sample from Escherichia coli,2/24/21,Poland,human,Poland_human_2/24/21
GCA_029855165.1,562,4588,Complete Genome,12/21/18,USA: Houston,Homo sapiens,PRJNA924946,SAMN32977832,blood,Pathogen: clinical or host-associated sample from Escherichia coli,12/21/18,USA,human,USA_human_12/21/18
GCA_003703795.1,562,ECCHD184,Complete Genome,2017-08,China:Zhejiang,chicken,PRJNA490022,SAMN10023796,stool,Microbe sample from Escherichia coli,2017,China,non-human,China_non-human_2017
GCF_003268695.1,562,WCHEC035148,Complete Genome,2018,"China: Chengdu, Sichuan",Sewage,PRJNA418674,SAMN09202772,,The Microbe sample of Escherichia coli strain WCHEC035148,2018,China,non-human,China_non-human_2018
GCF_017088445.1,562,40EC,Complete Genome,2019-02,Singapore,Homo sapiens,PRJNA599529,SAMN17807534,feces,Microbe sample from Escherichia coli,2019,Singapore,human,Singapore_human_2019
GCF_048585585.1,562,AZ148,Complete Genome,2012,Turkey,Homo sapiens,PRJNA1232972,SAMN47255937,missing,Pathogen: clinical or host-associated sample from Escherichia coli,2012,Turkey,human,Turkey_human_2012
GCF_037539565.1,562,Z1323MEC0002,Complete Genome,2023-10,South Korea,Mammal,PRJNA1087359,SAMN40441607,,Microbe sample from Escherichia coli,2023,South Korea,non-human,South Korea_non-human_2023
GCF_054389015.1,562,PRO_A-1478-6M-A_ESBL,Complete Genome,10/15/22,Tanzania,Homo sapiens,PRJNA1370689,SAMN53669764,feces,Pathogen: clinical or host-associated sample from Escherichia coli,10/15/22,Tanzania,human,Tanzania_human_10/15/22
GCF_053850515.1,562,ESBLEC_MG32,Complete Genome,2/27/24,"Malaysia: Klang Valley, Selangor",Homo sapiens,PRJNA1307276,SAMN50743357,Rectal swab,Microbe sample from Escherichia coli,2/27/24,Malaysia,human,Malaysia_human_2/27/24
GCF_045037425.1,562,98227,Complete Genome,2020/2023,Egypt: Alexandria,Homo sapiens,PRJNA1180919,SAMN44530456,urine,Pathogen: clinical or host-associated sample from Escherichia coli,2020,Egypt,human,Egypt_human_2020
GCA_022846215.1,562,Rb-3,Complete Genome,1/1/14,Japan,Homo sapiens,PRJDB12453,SAMD00411241,,Escherichia coli Rb-3 Genome sequencing and assembly,1/1/14,Japan,human,Japan_human_1/1/14
GCF_053165295.1,562,BKQ37E,Complete Genome,2013,Malawi: Blantyre,Homo sapiens,,SAMN41832290,,Microbe sample from Escherichia coli,2013,Malawi,human,Malawi_human_2013
GCA_018361365.1,562,184/2aE,Complete Genome,12/10/17,Brazil: Rio de Janeiro,Homo sapiens,PRJNA719994,SAMN18630606,Stool specimen,Microbe sample from Escherichia coli,12/10/17,Brazil,human,Brazil_human_12/10/17
GCF_030717665.1,562,QML220601,Complete Genome,4/10/20,China:Tibet Plateau,yak,PRJNA1002110,SAMN36835240,stool,Pathogen: clinical or host-associated sample from Escherichia coli,4/10/20,China,non-human,China_non-human_4/10/20
GCA_021132115.1,562,C17EC0083,Complete Genome,2017,South Korea,Homo sapiens,PRJNA782071,SAMN23391614,blood,Pathogen: clinical or host-associated sample from Escherichia coli,2017,South Korea,human,South Korea_human_2017
GCA_024585765.1,562,PM4,Complete Genome,2018-05,Cuba: La Lisa,Pig,PRJNA725375,SAMN18877300,Rectal Swab,Microbe sample from Escherichia coli,2018,Cuba,non-human,Cuba_non-human_2018
GCA_028898885.1,562,NB4833,Complete Genome,10/14/84,China: Ningbo,Homo sapiens,PRJNA905685,SAMN31881052,urine,Pathogen: clinical or host-associated sample from Escherichia coli,10/14/84,China,human,China_human_10/14/84
GCF_034643255.1,562,KE48,Complete Genome,12/19/22,"USA: Dallas, Texas",Homo sapiens,PRJNA1049017,SAMN38673177,Infected Human Urine,Pathogen: clinical or host-associated sample from Escherichia coli,12/19/22,USA,human,USA_human_12/19/22
GCF_041022005.1,562,729_270514_x_12,Complete Genome,5/27/14,Denmark: Copenhagen,Poultry,PRJNA1123745,SAMN41822571,Salpingitis,Pathogen: clinical or host-associated sample from Escherichia coli,5/27/14,Denmark,non-human,Denmark_non-human_5/27/14
GCF_053346465.1,562,SURV0398,Complete Genome,2022,USA: Pittsburgh,Homo sapiens,PRJNA981541,SAMN47788330,Rectal Swab,Pathogen: clinical or host-associated sample from Escherichia coli,2022,USA,human,USA_human_2022
GCA_015138575.1,562,THO-003,Complete Genome,5/9/18,Japan:Tokyo,Homo sapiens,PRJDB9036,SAMD00196001,,Escherichia coli str. THO-003,5/9/18,Japan,human,Japan_human_5/9/18
GCF_031852335.1,562,RIVM_C036204,Complete Genome,6/19/20,Netherlands,Homo sapiens,PRJNA980147,SAMN35621337,not collected,Pathogen: clinical or host-associated sample from Escherichia coli,6/19/20,Netherlands,human,Netherlands_human_6/19/20
GCF_047456045.1,562,S6aCHROMc,Complete Genome,2022,Ireland,Cygnus olor,PRJNA1096459,SAMN42056363,,Microbe sample from Escherichia coli,2022,Ireland,non-human,Ireland_non-human_2022
GCA_025398375.1,562,2021CK-00607,Complete Genome,1/11/21,USA,Homo sapiens,PRJNA812595,SAMN17815181,urine,Pathogen: clinical or host-associated sample from Escherichia coli,1/11/21,USA,human,USA_human_1/11/21
GCF_048402605.1,562,455,Complete Genome,5/21/19,Taiwan,Homo sapiens,PRJNA1196692,SAMN45628431,urine,Pathogen: clinical or host-associated sample from Escherichia coli,5/21/19,Taiwan,human,Taiwan_human_5/21/19
GCF_049354865.1,562,R18,Complete Genome,12/3/20,Taiwan,Homo sapiens,PRJNA1196872,SAMN45676304,sputum,Pathogen: clinical or host-associated sample from Escherichia coli,12/3/20,Taiwan,human,Taiwan_human_12/3/20
GCF_977064555.1,562,CNR20191027,Complete Genome,2019,Belgium,Homo sapiens,,SAMEA120421548,urine,E1,2019,Belgium,human,Belgium_human_2019
GCF_054720765.1,562,GIMC1409:EC_VCMCH3-12,Complete Genome,4/25/25,Russia:Moscow,Homo sapiens,PRJNA561493,SAMN54623320,urine,Pathogen: clinical or host-associated sample from Escherichia coli,4/25/25,Russia,human,Russia_human_4/25/25
GCF_049852265.1,562,XSLGL-2,Complete Genome,11/11/23,China,Homo sapiens,PRJNA1250923,SAMN47951825,physical,Pathogen: clinical or host-associated sample from Escherichia coli,11/11/23,China,human,China_human_11/11/23
GCF_029278625.2,562,C012_chr,Complete Genome,2015,China: Fujian,broiler,PRJNA942428,SAMN33688535,liver,Microbe sample from Escherichia coli,2015,China,non-human,China_non-human_2015
GCA_022557295.1,562,07spn,Complete Genome,3/19/21,Sudan,Homo sapiens,PRJNA806525,SAMN25990926,,S-P-N-007.02,3/19/21,Sudan,human,Sudan_human_3/19/21
GCA_024499115.1,562,CP52E,Complete Genome,6/10/17,Thailand: Bangkok,Homo sapiens,PRJNA731849,SAMN19296499,Anal swab,Microbe sample from Escherichia coli,6/10/17,Thailand,human,Thailand_human_6/10/17
GCF_003956385.1,562,600468,Complete Genome,4/22/08,Bangladesh,Homo sapiens,PRJNA421191,SAMN08161317,stool,Pathogen: clinical or host-associated sample from Escherichia coli,4/22/08,Bangladesh,human,Bangladesh_human_4/22/08
GCF_002870165.1,562,SCEC020007,Complete Genome,11/2/16,"China: Sichuan, Zigong",Homo sapiens,PRJNA418674,SAMN08281024,,The Microbe sample of Escherichia coli strain SCEC020007,11/2/16,China,human,China_human_11/2/16
GCF_048585625.1,562,AZ184,Complete Genome,2015,Israel,Homo sapiens,PRJNA1232972,SAMN47255944,missing,Pathogen: clinical or host-associated sample from Escherichia coli,2015,Israel,human,Israel_human_2015
GCF_041014865.1,562,Mar-72,Complete Genome,7/24/21,China: Guangzhou,Mus musculus,PRJNA1091319,SAMN40593513,Feces of SPF mouse,Mouse gut bacterial Escherichia coli strain GPTB0038 of GemPharmatech,7/24/21,China,non-human,China_non-human_7/24/21
GCF_051546155.1,562,A_5,Complete Genome,6/18/25,China: Wulagai area,cattle,PRJNA1283507,SAMN49699158,calf dung,Microbe sample from Escherichia coli,6/18/25,China,non-human,China_non-human_6/18/25
GCF_040438625.1,562,10035776-3,Complete Genome,11/13/23,China:Qingdao,Homo sapiens,PRJNA1120246,SAMN41685808,,Microbe sample from Escherichia coli,11/13/23,China,human,China_human_11/13/23
GCF_041022015.1,562,729_021014_1_4,Complete Genome,10/2/14,Denmark: Copenhagen,Poultry,PRJNA1123745,SAMN41822570,Salpingitis,Pathogen: clinical or host-associated sample from Escherichia coli,10/2/14,Denmark,non-human,Denmark_non-human_10/2/14
GCF_900618295.1,562,,Complete Genome,2016,Switzerland,Homo sapiens,PRJEB28660,SAMEA4916090,hospital,Clinically isolated MDRO,2016,Switzerland,human,Switzerland_human_2016
GCA_018499805.2,562,JNQH498,Complete Genome,6/6/20,China: Fujian province,Homo sapiens,PRJNA702614,SAMN19090730,urine from a woman with pelvic cancer,Pathogen: clinical or host-associated sample from Escherichia coli,6/6/20,China,human,China_human_6/6/20
GCF_008642395.1,562,631,Complete Genome,2014-10/2015-11,Norway,Bivalve mollusk,PRJNA516196,SAMN10784800,marine environment,631_Ecoli,2014,Norway,non-human,Norway_non-human_2014
GCF_051166445.1,562,LD91-1,Complete Genome,2024,Myanmar,Homo sapiens,PRJNA1266833,SAMN48693609,feces,Microbe sample from Escherichia coli,2024,Myanmar,human,Myanmar_human_2024
GCF_916098155.1,562,,Complete Genome,11/6/14,France,Homo sapiens,PRJEB46636,SAMEA8999939,Rectal swab,CNR65D6,11/6/14,France,human,France_human_11/6/14
GCF_045344505.1,562,Z1322HEC0010,Complete Genome,9/8/22,South Korea,Homo sapiens,PRJNA1087359,SAMN40441553,,Microbe sample from Escherichia coli,9/8/22,South Korea,human,South Korea_human_9/8/22
GCF_037890705.1,562,JX21CE33,Complete Genome,4/1/21,China: Jiangxi,chicken,PRJNA1088817,SAMN40500220,,Microbe sample from Escherichia coli,4/1/21,China,non-human,China_non-human_4/1/21
GCF_016776285.1,562,RIVM_C028620,Complete Genome,2019,Netherlands,Homo sapiens,PRJNA691727,SAMN17373191,,Microbe sample from Escherichia coli,2019,Netherlands,human,Netherlands_human_2019
GCF_020540985.1,562,P31_YH1_02.21,Complete Genome,2021-02,United Kingdom,Homo sapiens,PRJNA770738,SAMN22251350,,Microbe sample from Escherichia coli,2021,United Kingdom,human,United Kingdom_human_2021
GCF_051560175.1,562,AH21H025,Complete Genome,8/14/21,Australia:Melbourne,Homo sapiens,PRJNA1287288,SAMN49815528,blood,Pathogen: clinical or host-associated sample from Escherichia coli,8/14/21,Australia,human,Australia_human_8/14/21
GCF_037100245.1,562,A1.S1.160,Complete Genome,1/5/22,Poland:Olsztyn,Homo sapiens,PRJNA1082105,SAMN40199714,urine,Pathogen: clinical or host-associated sample from Escherichia coli,1/5/22,Poland,human,Poland_human_1/5/22
GCA_002165115.2,562,SCEC020001,Complete Genome,2016-06,China: Sichuan,Homo sapiens,PRJNA418674,SAMN06909172,,Microbe sample from Escherichia coli,2016,China,human,China_human_2016
GCF_022493335.1,562,A29,Complete Genome,1999,Venezuela,Hydrochoerus hydrochaeris,PRJNA293615,SAMN04100052,feces,Microbe sample from Escherichia coli,1999,Venezuela,non-human,Venezuela_non-human_1999
GCF_030552915.1,562,SM107,Complete Genome,10/26/22,China: Sanmen,Homo sapiens,PRJNA997113,SAMN36664847,urine,Pathogen: clinical or host-associated sample from Escherichia coli,10/26/22,China,human,China_human_10/26/22
GCA_027925845.1,562,02E060,Complete Genome,2002,Japan:Fukuoka,Homo sapiens,PRJDB14896,SAMD00562890,missing,Escherichia coli strain 02E060,2002,Japan,human,Japan_human_2002
GCA_030013145.1,562,ETEC4088,Complete Genome,2012,Belgium,Sus scrofa,PRJNA917806,SAMN32549664,feces,Pathogen: clinical or host-associated sample from Escherichia coli,2012,Belgium,non-human,Belgium_non-human_2012
GCF_001750845.1,562,FORC_031,Complete Genome,1/1/04,Korea: Busan,Homo sapiens,PRJNA299539,SAMN04209666,Human Stool,Pathogen: clinical or host-associated sample from Escherichia coli,1/1/04,Korea,human,Korea_human_1/1/04
GCF_028421485.1,562,EC9952,Complete Genome,2022-06,China:Zhuhai,Homo sapiens,PRJNA880509,SAMN30844958,blood,Pathogen: clinical or host-associated sample from Escherichia coli,2022,China,human,China_human_2022
GCF_040539585.2,562,GIMC1405:EC_Lstone01,Complete Genome,1/23/24,Russia:Nizhny Novgorod,Homo sapiens,PRJNA561493,SAMN42021368,kidney matrix stone,Pathogen: clinical or host-associated sample from Escherichia coli,1/23/24,Russia,human,Russia_human_1/23/24
GCF_052887185.1,562,VTB97379v,Complete Genome,12/9/21,South Africa,Chicken,,SAMN41579927,,Microbe sample from Escherichia coli,12/9/21,South Africa,non-human,South Africa_non-human_12/9/21
GCF_055456235.1,562,CB8671,Complete Genome,2001,Germany,Homo sapiens,PRJNA1424694,SAMN55391926,missing,Microbe sample from Escherichia coli,2001,Germany,human,Germany_human_2001
GCF_055381085.1,562,e1-39,Complete Genome,2009,Japan:Hiroshima,Homo sapiens,,SAMD00521024,,e1-39,2009,Japan,human,Japan_human_2009
GCF_013393825.1,562,FT130,Complete Genome,1/12/17,China:Shen Zhen,Migratory bird,PRJNA540580,SAMN11547014,feces,Example: Escherichia coli isolate FT130 from migratory bird,1/12/17,China,non-human,China_non-human_1/12/17
GCF_008632555.1,562,AR202.2,Complete Genome,6/20/18,Switzerland:Zurich,dog,PRJNA565187,SAMN12736389,Rectal swab,Microbe sample from Escherichia coli,6/20/18,Switzerland,non-human,Switzerland_non-human_6/20/18
GCF_025995415.1,562,26_141088,Complete Genome,5/2/14,Japan,Homo sapiens,PRJDB13729,SAMD00495898,,26_141088,5/2/14,Japan,human,Japan_human_5/2/14
GCF_049666535.1,562,21AR0275,Complete Genome,2021,New Zealand,Homo sapiens,PRJNA1097666,SAMN45084045,blood,Pathogen: clinical or host-associated sample from Escherichia coli,2021,New Zealand,human,New Zealand_human_2021
GCA_024917815.1,562,5264,Complete Genome,9/25/19,USA: Houston,Homo sapiens,PRJNA836696,SAMN28174088,blood,Pathogen: clinical or host-associated sample from Escherichia coli,9/25/19,USA,human,USA_human_9/25/19
GCA_022759905.1,562,Ec-042-T0,Complete Genome,2019,Switzerland,Homo sapiens,PRJNA769291,SAMN22108716,stool,Pathogen: clinical or host-associated sample from Escherichia coli,2019,Switzerland,human,Switzerland_human_2019
GCF_051549655.1,562,EC2202095,Complete Genome,2022-11,Ireland,Homo sapiens,PRJNA1219142,SAMN46544988,missing,Pathogen: clinical or host-associated sample from Escherichia coli,2022,Ireland,human,Ireland_human_2022
GCF_051562005.1,562,AH19E045,Complete Genome,5/21/19,Australia:Melbourne,Homo sapiens,PRJNA1287288,SAMN49815510,blood,Pathogen: clinical or host-associated sample from Escherichia coli,5/21/19,Australia,human,Australia_human_5/21/19
GCA_013402895.1,562,EC1,Complete Genome,2019,Australia,Homo sapiens,PRJNA643009,SAMN15410927,urinary tract,Pathogen: clinical or host-associated sample from Escherichia coli,2019,Australia,human,Australia_human_2019
GCF_053078315.1,562,FXCREC043,Complete Genome,7/3/18,China: Shanghai,Homo sapiens,,SAMN49859838,missing,Escherichia coli FXCREC043 isolated from urine,7/3/18,China,human,China_human_7/3/18
GCA_002196495.1,562,EC1515,Complete Genome,12/10/07,Taiwan,Homo sapiens,PRJNA389338,SAMN07192704,urine; urinary tract infection,Pathogen: clinical or host-associated sample from Escherichia coli,12/10/07,Taiwan,human,Taiwan_human_12/10/07
GCA_002850675.5,562,SCEC020023,Complete Genome,10/27/16,"China: Sichuan, Yibin",Homo sapiens,PRJNA418674,SAMN07768275,,The Microbe sample of Escherichia coli strain SCEC020023,10/27/16,China,human,China_human_10/27/16
GCF_018972245.1,562,S10EC,Complete Genome,2009,United Kingdom:Manchester,Homo sapiens,PRJNA737575,SAMN19700013,,MIGS Cultured Bacterial/Archaeal sample from Escherichia coli,2009,United Kingdom,human,United Kingdom_human_2009
GCF_044648255.1,562,BS-04,Complete Genome,4/4/24,Indonesia: Livestock farm in Sukabumi city,Gallus gallus domesticus,PRJNA1075840,SAMN44321995,"Broiler stool, week 4",E. coli_SMI_BR-S_21,4/4/24,Indonesia,non-human,Indonesia_non-human_4/4/24
GCF_002012305.1,562,Ecol_244,Complete Genome,2010,Argentina: Buenos Aires,Homo sapiens,PRJNA316786,SAMN05511157,,,2010,Argentina,human,Argentina_human_2010
GCF_035974115.1,562,Case 6,Complete Genome,5/16/19,Germany,Homo sapiens,PRJNA1054164,SAMN38909720,Screening (rectal),Pathogen: clinical or host-associated sample from Escherichia coli,5/16/19,Germany,human,Germany_human_5/16/19
GCF_002357915.1,562,20Ec-P-124,Complete Genome,2008,Japan,Sus scrofa,PRJDB5007,SAMD00056130,,Escherichia coli str. MRY16-002,2008,Japan,non-human,Japan_non-human_2008
GCF_054112945.1,562,148,Complete Genome,2023-12,USA: Houston,Homo sapiens,PRJNA1150149,SAMN43275202,Urinary tract,Pathogen: clinical or host-associated sample from Escherichia coli,2023,USA,human,USA_human_2023
GCA_024584865.1,562,SA53-3,Complete Genome,11/21/80,Thailand,Bubalus bubalis,PRJNA320137,SAMN04917422,unknown,type II ETEC,11/21/80,Thailand,non-human,Thailand_non-human_11/21/80
GCF_054047405.1,562,167,Complete Genome,9/10/24,USA: Houston,Homo sapiens,PRJNA1308153,SAMN50685435,swab,Pathogen: clinical or host-associated sample from Escherichia coli,9/10/24,USA,human,USA_human_9/10/24
GCA_024918295.1,562,961,Complete Genome,6/18/18,USA: Houston,Homo sapiens,PRJNA836696,SAMN28173990,blood,Pathogen: clinical or host-associated sample from Escherichia coli,6/18/18,USA,human,USA_human_6/18/18
GCF_032361125.1,562,201908119,Complete Genome,2019,France,Homo sapiens,PRJNA935284,SAMN33372272,-,Sequencing of EIEC O28 strain  201908119,2019,France,human,France_human_2019
GCF_054720965.1,562,GIMC1410:G-002-25,Complete Genome,8/13/25,Russia:Moscow,Homo sapiens,PRJNA561493,SAMN54623321,sputum,Pathogen: clinical or host-associated sample from Escherichia coli,8/13/25,Russia,human,Russia_human_8/13/25
GCF_965645325.1,562,PE144,Complete Genome,2023-10,Pakistan,Gallus gallus,PRJEB87885,SAMEA117970374,liver [UBERON:0002107],"APEC strain PE144 from poultry liver, Pakistan",2023,Pakistan,non-human,Pakistan_non-human_2023
GCF_022058225.1,562,SWYHX138.261ft,Complete Genome,1/26/20,Hong Kong: New Territories,Equus ferus caballus (Thoroughbred),PRJNA802393,SAMN25554218,feces,Microbe sample from Escherichia coli,1/26/20,Hong Kong,non-human,Hong Kong_non-human_1/26/20
GCF_032293625.1,562,Escherichia coli EC16639,Complete Genome,2016,Canada,Homo sapiens,PRJNA549322,SAMN37528254,not applicable,EC16639,2016,Canada,human,Canada_human_2016
GCA_024331445.2,562,MLI106K3,Complete Genome,6/24/14,Mali: Koulikoro,Homo sapiens,PRJNA856486,SAMN29553888,stool sample,Pathogen: clinical or host-associated sample from Escherichia coli,6/24/14,Mali,human,Mali_human_6/24/14
GCF_016432805.1,562,1EC187,Complete Genome,2/16/18,Ghana: Western region,Homo sapiens,PRJNA473419,SAMN15945289,,Microbe sample from Escherichia coli,2/16/18,Ghana,human,Ghana_human_2/16/18
GCF_002007705.1,562,NCTC86,Complete Genome,1885,Germany,Homo sapiens,PRJNA373816,SAMN06314933,,Microbe sample from Escherichia coli,1885,Germany,human,Germany_human_1885
GCF_037561805.1,562,Z1323CEC0017,Complete Genome,4/19/23,South Korea,Chicken,PRJNA1087359,SAMN40441584,,Microbe sample from Escherichia coli,4/19/23,South Korea,non-human,South Korea_non-human_4/19/23
GCF_051035765.1,562,MY203L1,Complete Genome,12/20/18,China:Anhui,duck,PRJNA915422,SAMN32393315,,Microbe sample from Escherichia coli,12/20/18,China,non-human,China_non-human_12/20/18
GCF_041320135.1,562,ET350,Complete Genome,7/13/19,"China: Chenghai, Shantou, Guangdong",Hoplobatrachus rugulosus,PRJNA850883,SAMN29495207,feces,Microbe sample from Escherichia coli,7/13/19,China,non-human,China_non-human_7/13/19
GCA_025908275.1,562,TL-14,Complete Genome,12/28/21,China:Tongliao,Bovine,PRJNA890057,SAMN31266533,Diarrhea feces of calves,Microbe sample from Escherichia coli,12/28/21,China,non-human,China_non-human_12/28/21
GCF_016598635.1,562,TCM3e1,Complete Genome,7/1/19,China:Changchun,Homo sapiens,PRJNA687619,SAMN17151035,,Microbe sample from Escherichia coli,7/1/19,China,human,China_human_7/1/19
GCA_029636765.1,562,DY612,Complete Genome,3/3/19,China,pig,PRJNA599273,SAMN13742266,missing,Pathogen: environmental/food/other sample from Escherichia coli,3/3/19,China,non-human,China_non-human_3/3/19
GCA_019884625.1,562,EC1390,Complete Genome,9/17/20,Taiwan,Homo sapiens,PRJNA758726,SAMN21033173,urine,Pathogen: clinical or host-associated sample from Escherichia coli,9/17/20,Taiwan,human,Taiwan_human_9/17/20
GCA_024331345.2,562,MLI104K2,Complete Genome,6/27/14,Mali: Koulikoro,Homo sapiens,PRJNA856486,SAMN29553884,stool sample,Pathogen: clinical or host-associated sample from Escherichia coli,6/27/14,Mali,human,Mali_human_6/27/14
GCA_025563475.1,562,BM28 lysU,Complete Genome,2010-01,Germany,laboratory,PRJNA865726,SAMN30124779,Winter laboratory,Microbe sample from Escherichia coli,2010,Germany,non-human,Germany_non-human_2010
GCF_013376895.1,562,357900,Complete Genome,6/10/85,Bangladesh,Homo sapiens,PRJNA320137,SAMN04917416,unknown,type II ETEC,6/10/85,Bangladesh,human,Bangladesh_human_6/10/85
GCF_008375335.1,562,ETEC6,Complete Genome,9/24/16,Bangladesh,Homo sapiens,PRJNA554338,SAMN12263012,missing,Pathogen: environmental/food/other sample from Escherichia coli,9/24/16,Bangladesh,human,Bangladesh_human_9/24/16
GCA_025995615.1,562,57_142493,Complete Genome,11/6/14,Japan,Homo sapiens,PRJDB13729,SAMD00495929,,57_142493,11/6/14,Japan,human,Japan_human_11/6/14
GCF_054332895.1,562,FXCREC035,Complete Genome,5/3/18,China: Shanghai,Homo sapiens,PRJNA1394368,SAMN54320990,urine,Pathogen: clinical or host-associated sample from Escherichia coli,5/3/18,China,human,China_human_5/3/18
GCF_051559225.1,562,AH20K059,Complete Genome,11/26/20,Australia:Melbourne,Homo sapiens,PRJNA1287288,SAMN49815518,blood,Pathogen: clinical or host-associated sample from Escherichia coli,11/26/20,Australia,human,Australia_human_11/26/20
GCF_050932135.1,562,DSM 103263,Complete Genome,7/10/01,Germany: Berlin,chicken,PRJNA1263714,SAMN48536919,,Microbe sample from Escherichia coli,7/10/01,Germany,non-human,Germany_non-human_7/10/01
GCF_045344615.1,562,Z1323HEC0067,Complete Genome,4/24/23,South Korea,Homo sapiens,PRJNA1087359,SAMN40441592,,Microbe sample from Escherichia coli,4/24/23,South Korea,human,South Korea_human_4/24/23
GCF_045672425.1,562,CT265,Complete Genome,2007,China,avian,PRJNA826997,SAMN27607325,,Microbe sample from Escherichia coli,2007,China,non-human,China_non-human_2007
GCA_014541045.1,562,DA61218,Complete Genome,2017-02,Sweden,Homo sapiens,PRJNA662022,SAMN16073343,,Microbe sample from Escherichia coli,2017,Sweden,human,Sweden_human_2017
GCF_048404345.1,562,488,Complete Genome,8/28/19,Taiwan,Homo sapiens,PRJNA1197009,SAMN45771130,wound pus,Pathogen: clinical or host-associated sample from Escherichia coli,8/28/19,Taiwan,human,Taiwan_human_8/28/19
GCF_052974845.1,562,C8,Complete Genome,6/4/18,"USA: Dallas, Texas",Homo sapiens,,SAMN48712665,urine,Pathogen: clinical or host-associated sample from Escherichia coli,6/4/18,USA,human,USA_human_6/4/18
GCA_003956485.1,562,120899,Complete Genome,7/9/12,Gambia,Homo sapiens,PRJNA421191,SAMN08161259,stool,Pathogen: clinical or host-associated sample from Escherichia coli,7/9/12,Gambia,human,Gambia_human_7/9/12
GCF_003018255.1,562,2012C-4502,Complete Genome,2012-09,USA,Homo sapiens,PRJNA218110,SAMN08579579,stool,Pathogen: clinical or host-associated sample from Escherichia coli,2012,USA,human,USA_human_2012
GCA_002220265.1,562,FORC_044,Complete Genome,3/9/15,South Korea: Seoul,Homo sapiens,PRJNA330605,SAMN05417814,stool,Pathogen: clinical or host-associated sample from Escherichia coli,3/9/15,South Korea,human,South Korea_human_3/9/15
GCF_003991155.1,562,EC17GD31,Complete Genome,3/20/17,Viet Nam: Ho Chi Minh city,Homo sapiens,PRJNA482900,SAMN09717320,blood,Pathogen: clinical or host-associated sample from Escherichia coli,3/20/17,Viet Nam,human,Viet Nam_human_3/20/17
GCA_025808215.1,562,SW4848,Complete Genome,11/2/15,"USA: City Park Lake, Baton Rouge, Louisiana",Water from a lake,PRJNA888808,SAMN31221298,,Microbe sample from Escherichia coli,11/2/15,USA,non-human,USA_non-human_11/2/15
GCA_009867015.2,562,CFS3292,Complete Genome,1/15/10,France,Bos taurus,PRJNA433820,SAMN08522749,Bovine adult,Microbe sample from Escherichia coli,1/15/10,France,non-human,France_non-human_1/15/10
GCA_022493755.1,562,A7,Complete Genome,1999,USA,Orangutan,PRJNA293615,SAMN04100028,feces,Microbe sample from Escherichia coli,1999,USA,non-human,USA_non-human_1999
GCA_027925825.1,562,10153,Complete Genome,1999,Japan:Miyazaki,Homo sapiens,PRJDB14896,SAMD00562889,missing,Escherichia coli strain 10153,1999,Japan,human,Japan_human_1999
GCF_051122395.1,562,CEA224S,Complete Genome,2016-05,France,Homo sapiens,PRJNA1144367,SAMN43033423,biopsy,One Health Enteric sample from Escherichia coli,2016,France,human,France_human_2016
GCA_002812545.1,562,SC516,Complete Genome,1/12/15,China: Sichuan,Chicken,PRJNA420050,SAMN08104834,liver,Pathogen: clinical or host-associated sample from Escherichia coli,1/12/15,China,non-human,China_non-human_1/12/15
GCF_002012145.1,562,Ecol_AZ159,Complete Genome,2013,Colombia: Bogota,Homo sapiens,PRJNA316786,SAMN05511159,,,2013,Colombia,human,Colombia_human_2013
GCF_022558905.1,562,EC11,Complete Genome,7/24/16,China: Hangzhou,Homo sapiens,PRJNA608094,SAMN15904655,urine,Pathogen: clinical or host-associated sample from Escherichia coli,7/24/16,China,human,China_human_7/24/16
GCA_029536675.1,562,B771,Complete Genome,2009,Czech Republic,Homo sapiens,PRJNA944444,SAMN33748626,feces,Microbe sample from Escherichia coli,2009,Czech Republic,human,Czech Republic_human_2009
GCF_045278825.1,562,M23917,Complete Genome,12/30/18,Argentina: Buenos Aires,Homo sapiens,PRJNA1006687,SAMN37196949,urine,Pathogen: clinical or host-associated sample from Escherichia coli,12/30/18,Argentina,human,Argentina_human_12/30/18
GCF_031785675.1,562,M23314,Complete Genome,5/23/18,Argentina: La Pampa,Homo sapiens,PRJNA1006687,SAMN37196947,blood,Pathogen: clinical or host-associated sample from Escherichia coli,5/23/18,Argentina,human,Argentina_human_5/23/18
GCF_029625095.1,562,E20,Complete Genome,2020-08,China:Hebei,chicken,PRJNA948979,SAMN33924086,,Microbe sample from Escherichia coli,2020,China,non-human,China_non-human_2020
GCF_003017935.1,562,2015C-3121,Complete Genome,2014-08,USA,Homo sapiens,PRJNA218110,SAMN08579565,stool,Pathogen: clinical or host-associated sample from Escherichia coli,2014,USA,human,USA_human_2014
GCA_021498025.2,562,258E,Complete Genome,4/21/18,China:ANhui,duck,PRJNA634454,SAMN14996619,,Microbe sample from Escherichia coli,4/21/18,China,non-human,China_non-human_4/21/18
GCF_023277345.1,562,17-07187,Complete Genome,2017,Germany,Homo sapiens,PRJNA833419,SAMN27988043,feces,Pathogen: clinical or host-associated sample from Escherichia coli,2017,Germany,human,Germany_human_2017
GCF_024584645.1,562,YL3,Complete Genome,6/10/21,China: Guangzhou,Homo sapiens,PRJNA792466,SAMN24425732,,Microbe sample from Escherichia coli,6/10/21,China,human,China_human_6/10/21
GCF_055378115.1,562,AST217,Complete Genome,2020,Japan,Homo sapiens,,SAMD01599421,,Complete genome of Escherichia coli strain AST217,2020,Japan,human,Japan_human_2020
GCA_009664455.1,562,AUSMDU00002545,Complete Genome,2013,Australia,Homo sapiens,PRJNA556438,SAMN13191633,missing,Escherichia coli ST11 Serogroup O157:H7,2013,Australia,human,Australia_human_2013
GCF_025200675.1,562,USDA-ARS-USMARC-49610,Complete Genome,9/28/13,USA:Kentucky,Bos taurus,PRJNA281531,SAMN30466956,feedlot,Pathogen: clinical or host-associated sample from Escherichia coli,9/28/13,USA,non-human,USA_non-human_9/28/13
GCF_053171995.1,562,B19,Complete Genome,6/12/25,China: Ningxia,sheep,PRJNA1346393,SAMN52831850,fecal sample,Microbe sample from Escherichia coli,6/12/25,China,non-human,China_non-human_6/12/25
GCF_032366635.1,562,TW10690,Complete Genome,7/24/96,Guinea-Bissau: Bissau,Homo sapiens,PRJNA972609,SAMN35083899,stool,ETEC TW10690 19960724,7/24/96,Guinea-Bissau,human,Guinea-Bissau_human_7/24/96
GCF_037543765.1,562,Z1323HEC0475,Complete Genome,5/22/23,South Korea,Homo sapiens,PRJNA1087359,SAMN40441603,,Microbe sample from Escherichia coli,5/22/23,South Korea,human,South Korea_human_5/22/23
GCA_025790905.1,562,2020CK-00232,Complete Genome,5/9/20,USA,Homo sapiens,PRJNA812595,SAMN15907166,urine,Pathogen: clinical or host-associated sample from Escherichia coli,5/9/20,USA,human,USA_human_5/9/20
GCF_002846135.1,562,MS8345,Complete Genome,2016,Qatar,Homo sapiens,PRJNA421388,SAMN08148171,Respiratory secretions,Pathogen: clinical or host-associated sample from Escherichia coli,2016,Qatar,human,Qatar_human_2016
GCF_036703555.1,562,SCPM-O-B-9504,Complete Genome,2021-06,Russia: Rostov-on-Don,Homo sapiens,PRJNA269675,SAMN39918099,feces,Microbe sample from Escherichia coli,2021,Russia,human,Russia_human_2021
GCF_041870155.1,562,IH5,Complete Genome,12/30/23,Iraq,Homo sapiens,PRJNA1105231,SAMN41098568,urine,Pathogen: clinical or host-associated sample from Escherichia coli,12/30/23,Iraq,human,Iraq_human_12/30/23
GCA_001280345.1,562,SF-468,Complete Genome,4/5/10,USA: San Francisco,Homo sapiens,PRJNA294467,SAMN04026228,patient blood,Pathogen: clinical or host-associated sample from Escherichia coli,4/5/10,USA,human,USA_human_4/5/10
GCF_041021985.1,562,723_010814_2_1,Complete Genome,8/1/14,Denmark: Copenhagen,Poultry,PRJNA1123745,SAMN41822573,Salpingitis,Pathogen: clinical or host-associated sample from Escherichia coli,8/1/14,Denmark,non-human,Denmark_non-human_8/1/14
GCF_025946585.1,562,EC488,Complete Genome,8/4/21,China,Homo sapiens,PRJNA865002,SAMN30088785,urine,Pathogen: clinical or host-associated sample from Escherichia coli,8/4/21,China,human,China_human_8/4/21
GCF_051669855.1,562,W12-1,Complete Genome,12/2/21,"China:Gansu,Wuwei",Bos taurus,PRJNA1294575,SAMN50109978,,MIGS Cultured Bacterial/Archaeal sample from Escherichia coli W12-1,12/2/21,China,non-human,China_non-human_12/2/21
GCF_030988825.1,562,MS8324,Complete Genome,2011,Australia: Western Australia,Homo sapiens,PRJNA493523,SAMN10141490,urine,Pathogen: clinical or host-associated sample from Escherichia coli,2011,Australia,human,Australia_human_2011
GCA_014075795.1,562,58-3,Complete Genome,5/12/19,China:Sichuan,broiler chicken,PRJNA610125,SAMN14278029,,Microbe sample from Escherichia coli,5/12/19,China,non-human,China_non-human_5/12/19
GCF_053048125.1,562,MDK9L1,Complete Genome,8/30/19,China:Liaocheng,donkey,,SAMN20703518,missing,Pathogen: environmental/food/other sample from Escherichia coli,8/30/19,China,non-human,China_non-human_8/30/19
GCF_900622685.1,562,MS14387,Complete Genome,9/3/09,Australia,Homo sapiens,PRJEB29930,SAMEA5128445,blood,MS14387,9/3/09,Australia,human,Australia_human_9/3/09
GCF_045689345.1,562,YA-1,Complete Genome,3/1/23,China,duck,PRJNA1031530,SAMN37939463,rectum,Microbe sample from Escherichia coli,3/1/23,China,non-human,China_non-human_3/1/23
GCF_006777065.1,562,MSHS 472,Complete Genome,3/16/06,Canada: Montreal,Homo sapiens,PRJNA551565,SAMN12158201,urine from healthy adult with cystitis,Pathogen: clinical or host-associated sample from Escherichia coli,3/16/06,Canada,human,Canada_human_3/16/06
GCF_045344605.1,562,Z1323CEC0005,Complete Genome,2/24/23,South Korea,Chicken,PRJNA1087359,SAMN40441572,,Microbe sample from Escherichia coli,2/24/23,South Korea,non-human,South Korea_non-human_2/24/23
GCF_029962445.1,562,P4,Complete Genome,2016,Australia,Canis lupus familiaris,PRJNA718456,SAMN18536560,Uterus,Escherichia coli UPEC P4,2016,Australia,non-human,Australia_non-human_2016
GCA_022023755.1,562,IGC_RcoliRes_1.1,Complete Genome,2015-04,Portugal:Oeiras,Mus musculus (G2 mouse),PRJNA633524,SAMN15163749,not applicable,Microbe sample from Escherichia coli,2015,Portugal,non-human,Portugal_non-human_2015
GCF_054331815.1,562,FXCREC028,Complete Genome,5/8/18,China: Shanghai,Homo sapiens,PRJNA1394364,SAMN54320938,urine,Pathogen: clinical or host-associated sample from Escherichia coli,5/8/18,China,human,China_human_5/8/18
GCF_052975085.1,562,FXCREC004,Complete Genome,1/1/18,China: Shanghai,Homo sapiens,,SAMN49838005,physical,Escherichia coli FXCREC004 isolated from urine,1/1/18,China,human,China_human_1/1/18
GCA_025995675.1,562,61_150228,Complete Genome,12/27/14,Japan,Homo sapiens,PRJDB13729,SAMD00495933,,61_150228,12/27/14,Japan,human,Japan_human_12/27/14
GCF_013376575.1,562,ARL09/232,Complete Genome,2009,New Zealand,Homo sapiens,PRJNA611848,SAMN14351533,urine,Pathogen: clinical or host-associated sample from Escherichia coli,2009,New Zealand,human,New Zealand_human_2009
GCA_003956425.1,562,504211,Complete Genome,2/22/10,India,Homo sapiens,PRJNA421191,SAMN08161312,stool,Pathogen: clinical or host-associated sample from Escherichia coli,2/22/10,India,human,India_human_2/22/10
GCF_014131595.1,562,US03,Complete Genome,2015,Belgium: Antwerp,Homo sapiens,PRJNA592372,SAMN13423049,blood,Pathogen: clinical or host-associated sample from Escherichia coli,2015,Belgium,human,Belgium_human_2015
GCA_002357875.1,562,MRY15-131,Complete Genome,2013,Japan,Bos taurus,PRJDB5007,SAMD00056132,,Escherichia coli str. MRY15-131,2013,Japan,non-human,Japan_non-human_2013
GCF_052887665.1,562,VTB97432v,Complete Genome,10/14/21,South Africa,Chicken,,SAMN41579944,,Microbe sample from Escherichia coli,10/14/21,South Africa,non-human,South Africa_non-human_10/14/21
GCF_025723205.1,562,RSHH22,Complete Genome,2019,Germany: Marburg,Mus musculus,PRJNA833279,SAMN27967421,,Microbe sample from Escherichia coli,2019,Germany,non-human,Germany_non-human_2019
GCF_024917995.1,562,3090,Complete Genome,10/27/16,USA: Houston,Homo sapiens,PRJNA836696,SAMN28174017,blood,Pathogen: clinical or host-associated sample from Escherichia coli,10/27/16,USA,human,USA_human_10/27/16
GCA_007998005.1,562,NCYU-29-19,Complete Genome,2017,Taiwan,Sus scrofa domesticus,PRJNA558860,SAMN12500849,missing,Pathogen: clinical or host-associated sample from Escherichia coli,2017,Taiwan,non-human,Taiwan_non-human_2017
GCA_009873355.1,562,NCCP 15739,Complete Genome,7/19/10,South Korea: Busan,Homo sapiens,PRJNA555173,SAMN12302771,stool,Pathogen: clinical or host-associated sample from Escherichia coli,7/19/10,South Korea,human,South Korea_human_7/19/10
GCF_040529125.1,562,PKF4,Complete Genome,6/17/22,Pakistan: Faisalabad,Milvus migrans,PRJNA1112118,SAMN41414932,Wild birds,Pathogen: clinical or host-associated sample from Escherichia coli,6/17/22,Pakistan,non-human,Pakistan_non-human_6/17/22
GCF_010725305.1,562,E302,Complete Genome,12/1/15,Japan:Osaka,Homo sapiens,PRJDB6565,SAMD00186874,,whole genome sequence of E302,12/1/15,Japan,human,Japan_human_12/1/15
GCF_036500705.1,562,PSS-04,Complete Genome,2019,Ecuador:Puyo,Homo sapiens,PRJDB14867,SAMD00562521,feces,"Escherichia coli strain PSS-04, DNA, complete genome",2019,Ecuador,human,Ecuador_human_2019
GCF_040500385.1,562,8178,Complete Genome,2/10/23,Switzerland: Zurich,Mus musculus,PRJNA1096466,SAMN40757033,,Microbe sample from Escherichia coli,2/10/23,Switzerland,non-human,Switzerland_non-human_2/10/23
GCF_003018895.1,562,2014C-3057,Complete Genome,2013-05,USA,Homo sapiens,PRJNA218110,SAMN08579576,stool,Pathogen: clinical or host-associated sample from Escherichia coli,2013,USA,human,USA_human_2013
GCA_024584825.1,562,SA31-1,Complete Genome,11/1/80,Thailand,Bubalus bubalis,PRJNA320137,SAMN04917424,unknown,type II ETEC,11/1/80,Thailand,non-human,Thailand_non-human_11/1/80
GCA_002764015.1,562,LS4,Complete Genome,3/1/15,"China:LaSa, XiZang",Bos mutus,PRJNA417204,SAMN07980822,,Microbe sample from Escherichia coli,3/1/15,China,non-human,China_non-human_3/1/15
GCF_050956525.1,562,TOE3,Complete Genome,2014,Myanmar,Homo sapiens,PRJNA681500,SAMN16955024,feces,Microbe sample from Escherichia coli,2014,Myanmar,human,Myanmar_human_2014
GCA_009577985.1,562,CCUG 73778,Complete Genome,12/18/08,Sweden:Gothenburg,Homo sapiens,PRJNA305687,SAMN12169096,blood,Microbe sample from Escherichia coli,12/18/08,Sweden,human,Sweden_human_12/18/08
GCA_028743555.1,562,B-1109,Complete Genome,8/5/21,USA,Homo sapiens,PRJNA933698,SAMN33246662,,Microbe sample from Escherichia coli,8/5/21,USA,human,USA_human_8/5/21
GCF_004377995.2,562,1517k,Complete Genome,2012-09,Paraguay,Gallus gallus domesticus,PRJNA513237,SAMN11130353,,Microbe sample from Escherichia coli,2012,Paraguay,non-human,Paraguay_non-human_2012
GCF_030295075.1,562,LR-50,Complete Genome,3/9/19,Ecuador:SantoDomingo,Homo sapiens,PRJDB8858,SAMD00439260,,Escherichia coli isolated from healthy human feces 2019Mar_LR50,3/9/19,Ecuador,human,Ecuador_human_3/9/19
GCF_022559875.1,562,LC-1302-2020,Complete Genome,11/9/20,Italy,Homo sapiens,PRJNA801146,SAMN25301092,rectal swab,Pathogen: clinical or host-associated sample from Escherichia coli,11/9/20,Italy,human,Italy_human_11/9/20
GCF_051991435.1,562,602687,Complete Genome,2009,Bangladesh,Homo sapiens,,SAMN48111086,stool,WGS of hybrid Escherichia coli isolate 602687,2009,Bangladesh,human,Bangladesh_human_2009
GCF_037081985.1,562,A1.S1.126,Complete Genome,10/13/21,Poland:Olsztyn,Homo sapiens,PRJNA1082105,SAMN40199713,urine,Pathogen: clinical or host-associated sample from Escherichia coli,10/13/21,Poland,human,Poland_human_10/13/21
GCF_006536085.2,562,NIPH17_0020,Complete Genome,2017,Cambodia:Phnom Penh,Homo sapiens,PRJDB6936,SAMD00164387,,Escherichia coli NIPH17_0020,2017,Cambodia,human,Cambodia_human_2017
GCA_008632575.1,562,AR216.2b,Complete Genome,7/18/17,Switzerland:Zurich,dog,PRJNA565187,SAMN12736390,Rectal swab,Microbe sample from Escherichia coli,7/18/17,Switzerland,non-human,Switzerland_non-human_7/18/17
GCF_048572635.1,562,AREA_497,Complete Genome,9/20/21,"USA: Georgia, Athens",Homo sapiens,PRJNA894544,SAMN33912506,stool,MIGS Cultured Bacterial/Archaeal sample from Escherichia coli,9/20/21,USA,human,USA_human_9/20/21
GCF_037938425.1,562,EP91B,Complete Genome,6/10/18,China: henan,pig,PRJNA1087160,SAMN40435416,,Microbe sample from Escherichia coli,6/10/18,China,non-human,China_non-human_6/10/18
GCF_054898225.1,562,CUVET24-IPD24,Complete Genome,2024-05,Thailand: Bangkok,Dog,,SAMN47927582,Feces/rectal swab,Microbe sample from Escherichia coli,2024,Thailand,non-human,Thailand_non-human_2024
GCA_018966785.1,562,MSI001,Complete Genome,10/12/16,China:Guangzhou,Mus musculus,PRJNA736706,SAMN19656307,,Microbe sample from Escherichia coli,10/12/16,China,non-human,China_non-human_10/12/16
GCF_041021965.1,562,72322051416_S37,Complete Genome,5/22/14,Denmark: Copenhagen,Poultry,PRJNA1123745,SAMN41822575,Liver/septicaemia,Pathogen: clinical or host-associated sample from Escherichia coli,5/22/14,Denmark,non-human,Denmark_non-human_5/22/14
GCF_003402955.1,562,cq9,Complete Genome,7/1/12,China:Chongqing,pig,PRJNA480178,SAMN09630238,feces,Microbe sample from Escherichia coli,7/1/12,China,non-human,China_non-human_7/1/12
GCA_029623635.1,562,ST3,Complete Genome,12/6/22,Italy: Verona,Homo sapiens,PRJNA948410,SAMN33902174,blood,Pathogen: clinical or host-associated sample from Escherichia coli,12/6/22,Italy,human,Italy_human_12/6/22
GCF_003956185.1,562,504237,Complete Genome,3/22/10,India,Homo sapiens,PRJNA421191,SAMN08161313,stool,Pathogen: clinical or host-associated sample from Escherichia coli,3/22/10,India,human,India_human_3/22/10
GCF_044094645.1,562,EcN_Sk,Complete Genome,2020,Germany:Herdecke,Homo sapiens,PRJNA1176130,SAMN44381029,stool,Microbe sample from Escherichia coli,2020,Germany,human,Germany_human_2020
GCA_013201525.1,562,,Complete Genome,2006,Portugal,Wild boar,PRJEB36175,SAMEA6471236,Wild boar,J31,2006,Portugal,non-human,Portugal_non-human_2006
GCA_021398035.1,562,E-T67-1,Complete Genome,2020,China,Homo sapiens,PRJNA792053,SAMN24394358,,Microbe sample from Escherichia coli,2020,China,human,China_human_2020
GCF_045344725.1,562,Z1323HEC0355,Complete Genome,5/15/23,South Korea,Homo sapiens,PRJNA1087359,SAMN40441596,,Microbe sample from Escherichia coli,5/15/23,South Korea,human,South Korea_human_5/15/23
GCA_009867035.3,562,CFS3313,Complete Genome,1/20/10,France,Bos taurus,PRJNA433820,SAMN08522770,Bovine adult,Microbe sample from Escherichia coli,1/20/10,France,non-human,France_non-human_1/20/10
GCA_030028135.1,562,HE_100-10,Complete Genome,2019-10,Canada,laboratory,PRJNA892151,SAMN31370359,,Microbe sample from Escherichia coli,2019,Canada,non-human,Canada_non-human_2019
GCF_040939515.1,562,2-C14-1,Complete Genome,7/31/22,China:Chengdu,cat,PRJNA1082906,SAMN40221275,feces,Microbe sample from Escherichia coli,7/31/22,China,non-human,China_non-human_7/31/22
GCA_023516095.1,562,19SZHZ663Rt,Complete Genome,7/27/19,China:Shenzhen,Homo sapiens,PRJNA748549,SAMN20339663,Human feces,tet(X4)-positive Escherichia coli isolated from human,7/27/19,China,human,China_human_7/27/19
GCA_025778775.2,562,2022CK-00559,Complete Genome,4/5/22,USA,Homo sapiens,PRJNA288601,SAMN31390131,Wound/Abscess,Pathogen: clinical or host-associated sample from Escherichia coli,4/5/22,USA,human,USA_human_4/5/22
GCA_001682305.2,562,EC590,Complete Genome,8/18/13,Malaysia,Homo sapiens,PRJNA325730,SAMN05252777,urine,Pathogen: clinical or host-associated sample from Escherichia coli,8/18/13,Malaysia,human,Malaysia_human_8/18/13
GCF_015139375.1,562,THO-010,Complete Genome,6/20/18,Japan:Tokyo,Homo sapiens,PRJDB9036,SAMD00196008,,Escherichia coli str. THO-010,6/20/18,Japan,human,Japan_human_6/20/18
GCF_013167555.1,83334,Gim1-1,Complete Genome,1999,USA:Nebraska,cattle,PRJNA528413,SAMN05360205,cattle feces,Pathogen: environmental/food/other sample from Escherichia coli O157:H7,1999,USA,non-human,USA_non-human_1999
GCA_016835015.1,83334,FLT_2004G,Complete Genome,2004,USA:Nebraska,cattle,PRJNA627032,SAMN14648857,feces,Pathogen: environmental/food/other sample from Escherichia coli O157:H7,2004,USA,non-human,USA_non-human_2004
GCA_016834715.1,83334,FLT_2012I,Complete Genome,2012,USA:Nebraska,cattle,PRJNA627032,SAMN14648870,feces,Pathogen: environmental/food/other sample from Escherichia coli O157:H7,2012,USA,non-human,USA_non-human_2012
GCF_001651965.2,83334,FRIK2455,Complete Genome,2011-07-20,USA: FL,Bos taurus,PRJNA322195,SAMN04531998,fecal steer,Pathogen: environmental/food/other sample from Escherichia coli O157:H7,2011,USA,non-human,USA_non-human_2011
GCF_013168095.1,83334,86-24,Complete Genome,1986,USA:Washington,Homo sapiens,PRJNA528413,SAMN11229497,missing,Pathogen: clinical or host-associated sample from Escherichia coli O157:H7,1986,USA,human,USA_human_1986
GCA_016834835.1,83334,FLT_2009D,Complete Genome,2009,USA:Nebraska,cattle,PRJNA627032,SAMN14648864,feces,Pathogen: environmental/food/other sample from Escherichia coli O157:H7,2009,USA,non-human,USA_non-human_2009
GCA_016834915.1,83334,FLT_2006I,Complete Genome,2006,USA:Nebraska,cattle,PRJNA627032,SAMN14648860,feces,Pathogen: environmental/food/other sample from Escherichia coli O157:H7,2006,USA,non-human,USA_non-human_2006
GCF_021184105.1,83334,M1300706002,Complete Genome,2013,USA: Minnesota,Homo sapiens,PRJNA750123,SAMN20437425,fecal sample from patient,Pathogen: clinical or host-associated sample from Escherichia coli O157:H7,2013,USA,human,USA_human_2013
GCF_017164995.1,83334,Z1813,Complete Genome,2002,United Kingdom,Homo sapiens,PRJNA666790,SAMN16327604,feces,Pathogen: clinical or host-associated sample from Escherichia coli O157:H7,2002,United Kingdom,human,United Kingdom_human_2002
GCF_009650175.1,83334,ATCC 43890,Complete Genome,1987,USA:CA,Homo sapiens,PRJNA541972,SAMN10574722,feces,Pathogen: clinical or host-associated sample from Escherichia coli O157:H7,1987,USA,human,USA_human_1987
GCA_005037735.2,83334,FWSEC0004,Complete Genome,1987,"Canada:Ontario,Toronto",Homo sapiens,PRJNA287560,SAMN08768105,Clinical: Human (Homo sapiens),Pathogen: clinical or host-associated sample from Escherichia coli O157:H7,1987,Canada,human,Canada_human_1987
GCF_013168035.1,83334,DEC4E,Complete Genome,1988,Denmark,Homo sapiens,PRJNA528413,SAMN11229482,missing,Pathogen: clinical or host-associated sample from Escherichia coli O157:H7,1988,Denmark,human,Denmark_human_1988
GCF_013167275.1,83334,SS TX 754-1,Complete Genome,2000,USA:Texas,cattle,PRJNA528413,SAMN05360237,cattle feces,Pathogen: environmental/food/other sample from Escherichia coli O157:H7,2000,USA,non-human,USA_non-human_2000
GCA_016834975.1,83334,FLT_2001A,Complete Genome,2001,USA:Nebraska,cattle,PRJNA627032,SAMN14648855,feces,Pathogen: environmental/food/other sample from Escherichia coli O157:H7,2001,USA,non-human,USA_non-human_2001
GCF_013168115.1,83334,493/89,Complete Genome,1989,Germany,Homo sapiens,PRJNA528413,SAMN11229500,missing,Pathogen: clinical or host-associated sample from Escherichia coli O157:H7,1989,Germany,human,Germany_human_1989
GCA_016835075.1,83334,FLT_1997A,Complete Genome,1997,USA:Nebraska,cattle,PRJNA627032,SAMN14648851,feces,Pathogen: environmental/food/other sample from Escherichia coli O157:H7,1997,USA,non-human,USA_non-human_1997
GCF_021166395.1,83334,6535WT,Complete Genome,2006,USA: Minnesota,Homo sapiens,PRJNA750123,SAMN20437362,fecal sample,Pathogen: clinical or host-associated sample from Escherichia coli O157:H7,2006,USA,human,USA_human_2006
GCF_015353135.1,83334,Wll001,Complete Genome,2015-11,China: Wuhan,Homo sapiens,PRJNA668453,SAMN16409547,,Microbe sample from Escherichia coli O157:H7,2015,China,human,China_human_2015
GCF_022558925.1,996639,EC10,Complete Genome,2016-07-25,China: Hangzhou,Homo sapiens,PRJNA608094,SAMN15904654,urine,Pathogen: clinical or host-associated sample from Escherichia coli O157:H7 str. EC10,2016,China,human,China_human_2016
GCA_016834695.1,83334,FLT_2018C,Complete Genome,2018,USA:Nebraska,cattle,PRJNA627032,SAMN14648871,feces,Pathogen: environmental/food/other sample from Escherichia coli O157:H7,2018,USA,non-human,USA_non-human_2018
GCF_029962285.1,155864,EDL933,Complete Genome,2018-02-28,China,Homo sapiens,PRJNA963085,SAMN34435701,feces,Pathogen: clinical or host-associated sample from Escherichia coli O157:H7 str. EDL933,2018,China,human,China_human_2018
GCF_001695515.1,83334,FRIK944,Complete Genome,2014-09-16,USA:FL,Bos taurus,PRJNA322195,SAMN04510563,calf feces,Pathogen: environmental/food/other sample from Escherichia coli O157:H7,2014,USA,non-human,USA_non-human_2014
GCA_016834875.1,83334,FLT_2008D,Complete Genome,2008,USA:Nebraska,cattle,PRJNA627032,SAMN14648862,feces,Pathogen: environmental/food/other sample from Escherichia coli O157:H7,2008,USA,non-human,USA_non-human_2008
GCA_016834675.1,83334,FLT_2019B,Complete Genome,2019,USA:Nebraska,cattle,PRJNA627032,SAMN14648872,feces,Pathogen: environmental/food/other sample from Escherichia coli O157:H7,2019,USA,non-human,USA_non-human_2019
GCA_016834895.1,83334,FLT_2007G,Complete Genome,2007,USA:Nebraska,cattle,PRJNA627032,SAMN14648861,feces,Pathogen: environmental/food/other sample from Escherichia coli O157:H7,2007,USA,non-human,USA_non-human_2007
GCA_016834995.1,83334,FLT_2002D,Complete Genome,2002,USA:Nebraska,cattle,PRJNA627032,SAMN14648856,feces,Pathogen: environmental/food/other sample from Escherichia coli O157:H7,2002,USA,non-human,USA_non-human_2002
GCA_016834775.1,83334,FLT_2010I,Complete Genome,2010,USA:Nebraska,cattle,PRJNA627032,SAMN14648867,feces,Pathogen: environmental/food/other sample from Escherichia coli O157:H7,2010,USA,non-human,USA_non-human_2010
GCF_009627495.1,83334,TT12B,Complete Genome,1994-10-25,Japan: Yokosuka,Homo sapiens,PRJNA530317,SAMN11310481,feces,Pathogen: clinical or host-associated sample from Escherichia coli O157:H7,1994,Japan,human,Japan_human_1994
GCA_016834955.1,83334,FLT_2005F,Complete Genome,2005,USA:Nebraska,cattle,PRJNA627032,SAMN14648858,feces,Pathogen: environmental/food/other sample from Escherichia coli O157:H7,2005,USA,non-human,USA_non-human_2005
GCF_017165155.1,83334,Z1626,Complete Genome,2014,United Kingdom,Homo sapiens,PRJNA666790,SAMN16327596,feces,Pathogen: clinical or host-associated sample from Escherichia coli O157:H7,2014,United Kingdom,human,United Kingdom_human_2014
GCF_000008865.2,386585,Sakai substr. RIMD 0509952,Complete Genome,1996,"Japan: Sakai City, Osaka prefecture",Homo sapiens,PRJNA226,SAMN01911278,Human intestinal microflora,"Bacterial, clinical or host-associated sample for Escherichia coli O157:H7 str. SAKAI (EHEC)",1996,Japan,human,Japan_human_1996
GCF_025252445.1,83334,380-94,Complete Genome,1994,USA,Homo sapiens,PRJNA294158,SAMN30166759,clinical isolate,Microbe sample from Escherichia coli O157:H7,1994,USA,human,USA_human_1994
GCA_016835095.1,83334,FLT_1998F,Complete Genome,1998,USA:Nebraska,cattle,PRJNA627032,SAMN14648852,feces,Pathogen: environmental/food/other sample from Escherichia coli O157:H7,1998,USA,non-human,USA_non-human_1998
GCF_001558995.2,83334,JEONG-1266,Complete Genome,2013-08-13,USA:FL,Bos taurus,PRJNA322195,SAMN04191546,fecal beef calf,Pathogen: environmental/food/other sample from Escherichia coli O157:H7,2013,USA,non-human,USA_non-human_2013
GCF_001651925.2,83334,FRIK2069,Complete Genome,2011-07-20,USA:FL,Bos taurus,PRJNA322195,SAMN04191551,feces (Bos taurus),Pathogen: environmental/food/other sample from Escherichia coli,2011,USA,non-human,USA_non-human_2011
GCF_013167355.1,83334,OK1,Complete Genome,1996,Japan:Okayama,Homo sapiens,PRJNA528413,SAMN11229501,missing,Pathogen: clinical or host-associated sample from Escherichia coli O157:H7,1996,Japan,human,Japan_human_1996
GCA_016835055.1,83334,FLT_2000A,Complete Genome,2000,USA:Nebraska,cattle,PRJNA627032,SAMN14648854,feces,Pathogen: environmental/food/other sample from Escherichia coli O157:H7,2000,USA,non-human,USA_non-human_2000
GCF_021166415.1,83334,6535NalR,Complete Genome,2013,USA: Minnesota,Homo sapiens,PRJNA750123,SAMN20437390,laboratory mutant of 6535,Pathogen: clinical or host-associated sample from Escherichia coli O157:H7,2013,USA,human,USA_human_2013
GCA_016834935.1,83334,FLT_2006A,Complete Genome,2006,USA:Nebraska,cattle,PRJNA627032,SAMN14648859,feces,Pathogen: environmental/food/other sample from Escherichia coli O157:H7,2006,USA,non-human,USA_non-human_2006
GCA_016834815.1,83334,FLT_2010E,Complete Genome,2010,USA:Nebraska,cattle,PRJNA627032,SAMN14648866,feces,Pathogen: environmental/food/other sample from Escherichia coli O157:H7,2010,USA,non-human,USA_non-human_2010
GCF_013167335.1,83334,Show KS 470-1,Complete Genome,1999,USA:Kansas,cattle,PRJNA528413,SAMN05360225,cattle feces,Pathogen: environmental/food/other sample from Escherichia coli O157:H7,1999,USA,non-human,USA_non-human_1999
GCF_005037735.1,83334,FWSEC0004,Complete Genome,1987,"Canada:Ontario,Toronto",Homo sapiens,PRJNA287560,SAMN08768105,Clinical: Human (Homo sapiens),Pathogen: clinical or host-associated sample from Escherichia coli O157:H7,1987,Canada,human,Canada_human_1987
GCA_016834855.1,83334,FLT_2009B,Complete Genome,2009,USA:Nebraska,cattle,PRJNA627032,SAMN14648863,feces,Pathogen: environmental/food/other sample from Escherichia coli O157:H7,2009,USA,non-human,USA_non-human_2009
GCF_017165015.1,83334,Z1812,Complete Genome,2002,United Kingdom,Homo sapiens,PRJNA666790,SAMN16327603,feces,Pathogen: clinical or host-associated sample from Escherichia coli O157:H7,2002,United Kingdom,human,United Kingdom_human_2002
GCF_007922655.1,83334,ATCC 43888,Complete Genome,1986,USA,Homo sapiens,PRJNA294158,SAMN12261986,feces,Pathogen: environmental/food/other sample from Escherichia coli O157:H7,1986,USA,human,USA_human_1986
GCF_017357545.1,83334,TT12A,Complete Genome,1994-10-25,Japan: Yokosuka,Homo sapiens,PRJNA530317,SAMN11310480,feces,Pathogen: clinical or host-associated sample from Escherichia coli O157:H7,1994,Japan,human,Japan_human_1994
GCF_013167155.1,83334,YB14-1,Complete Genome,2002,USA:Nebraska,cattle,PRJNA528413,SAMN05360245,cattle feces,Pathogen: environmental/food/other sample from Escherichia coli O157:H7,2002,USA,non-human,USA_non-human_2002
GCF_021184125.1,83334,M1300706001A,Complete Genome,2013,USA: Washington State,Homo sapiens,PRJNA750123,SAMN20437332,fecal sample from patient,Pathogen: clinical or host-associated sample from Escherichia coli O157:H7,2013,USA,human,USA_human_2013
GCA_016835035.1,83334,FLT_1999G,Complete Genome,1999,USA:Nebraska,cattle,PRJNA627032,SAMN14648853,feces,Pathogen: environmental/food/other sample from Escherichia coli O157:H7,1999,USA,non-human,USA_non-human_1999
GCF_013167475.1,83334,N8B7-2,Complete Genome,2002,USA:Nebraska,cattle,PRJNA528413,SAMN05360221,cattle feces,Pathogen: environmental/food/other sample from Escherichia coli O157:H7,2002,USA,non-human,USA_non-human_2002
GCA_016834635.1,83334,FLT_2010G,Complete Genome,2010,USA:Nebraska,cattle,PRJNA627032,SAMN14648873,feces,Pathogen: environmental/food/other sample from Escherichia coli O157:H7,2010,USA,non-human,USA_non-human_2010
GCF_013167435.1,83334,NE 1169-1,Complete Genome,2000,USA:Nebraska,cattle,PRJNA528413,SAMN05360232,cattle feces,Pathogen: environmental/food/other sample from Escherichia coli O157:H7,2000,USA,non-human,USA_non-human_2000
GCA_016834755.1,83334,FLT_2011B,Complete Genome,2011,USA:Nebraska,cattle,PRJNA627032,SAMN14648868,feces,Pathogen: environmental/food/other sample from Escherichia coli O157:H7,2011,USA,non-human,USA_non-human_2011
GCA_016834795.1,83334,FLT_2010A,Complete Genome,2010,USA:Nebraska,cattle,PRJNA627032,SAMN14648865,feces,Pathogen: environmental/food/other sample from Escherichia coli O157:H7,2010,USA,non-human,USA_non-human_2010
GCF_013167175.1,83334,TX 376-2,Complete Genome,2000,USA:Texas,cattle,PRJNA528413,SAMN05360243,cattle feces,Pathogen: environmental/food/other sample from Escherichia coli O157:H7,2000,USA,non-human,USA_non-human_2000
GCF_013168175.1,83334,2-6-2,Complete Genome,1999,USA:Nebraska,cattle,PRJNA528413,SAMN05360202,cattle feces,Pathogen: environmental/food/other sample from Escherichia coli O157:H7,1999,USA,non-human,USA_non-human_1999
GCA_016834735.1,83334,FLT_2011E,Complete Genome,2011,USA:Nebraska,cattle,PRJNA627032,SAMN14648869,feces,Pathogen: environmental/food/other sample from Escherichia coli O157:H7,2011,USA,non-human,USA_non-human_2011
GCF_013167235.1,83334,TB21-1,Complete Genome,2002,USA:Nebraska,cattle,PRJNA528413,SAMN05360240,cattle feces,Pathogen: environmental/food/other sample from Escherichia coli O157:H7,2002,USA,non-human,USA_non-human_2002
GCF_013168055.1,83334,BB24-1,Complete Genome,2002,USA:Louisiana,cattle,PRJNA528413,SAMN05360196,cattle feces,Pathogen: environmental/food/other sample from Escherichia coli O157:H7,2002,USA,non-human,USA_non-human_2002
GCF_013168155.1,83334,3-5-1,Complete Genome,1999,USA:Nebraska,cattle,PRJNA528413,SAMN05360204,cattle feces,Pathogen: environmental/food/other sample from Escherichia coli O157:H7,1999,USA,non-human,USA_non-human_1999
GCF_013167455.1,83334,NE 1092-2,Complete Genome,2000,USA:Nebraska,cattle,PRJNA528413,SAMN05360231,cattle feces,Pathogen: environmental/food/other sample from Escherichia coli O157:H7,2000,USA,non-human,USA_non-human_2000
GCF_013168135.1,83334,17B6-2,Complete Genome,2002,USA:Ohio,cattle,PRJNA528413,SAMN05360191,cattle feces,Pathogen: environmental/food/other sample from Escherichia coli O157:H7,2002,USA,non-human,USA_non-human_2002
GCF_013167295.1,83334,SS TX 313-1,Complete Genome,2000,USA:Texas,cattle,PRJNA528413,SAMN05360235,cattle feces,Pathogen: environmental/food/other sample from Escherichia coli O157:H7,2000,USA,non-human,USA_non-human_2000
GCF_013167195.1,83334,TX 265-1,Complete Genome,2000,USA:Texas,cattle,PRJNA528413,SAMN05360242,cattle feces,Pathogen: environmental/food/other sample from Escherichia coli O157:H7,2000,USA,non-human,USA_non-human_2000
GCF_013167315.1,83334,SS NE 1040-1,Complete Genome,2000,USA:Nebraska,cattle,PRJNA528413,SAMN05360230,cattle feces,Pathogen: environmental/food/other sample from Escherichia coli O157:H7,2000,USA,non-human,USA_non-human_2000
